details,0,0.5,1,2,3,4,5,6,7,8,9,10,11,12,13,14,15,16,17,18,19,20,Method,Cancer,Sex,Age,Stratification,Adjustment,Database
n.risk,78349,72922,67960,58510,50422,43133,36765,31306,26300,22049,18254,14753,11837,8693,6497,4724,2705,1656,865,416,156,<10,Kaplan-Meier,Breast,Both,All,None,None,CPRD_GOLD
n.event,0,1847,1542,2939,2325,1874,1512,1120,928,727,582,520,405,328,219,172,100,65,45,20,<10,<10,Kaplan-Meier,Breast,Both,All,None,None,CPRD_GOLD
n.risk,45643,37583,32725,25581,20560,16796,13845,11340,9245,7404,5837,4525,3446,2495,1701,1131,724,422,223,113,36,<10,Kaplan-Meier,Colorectal,Both,All,None,None,CPRD_GOLD
n.event,0,5905,3083,4131,2502,1566,1106,770,612,442,363,269,197,172,128,78,55,23,19,<10,<10,<10,Kaplan-Meier,Colorectal,Both,All,None,None,CPRD_GOLD
n.risk,10656,9055,7843,6182,5026,4133,3386,2775,2265,1795,1402,1075,799,582,415,286,182,101,59,33,<10,<10,Kaplan-Meier,Head_and_neck,Both,All,None,None,CPRD_GOLD
n.event,0,1042,784,924,508,332,238,181,141,101,105,87,61,47,24,21,<10,11,<10,<10,0,0,Kaplan-Meier,Head_and_neck,Both,All,None,None,CPRD_GOLD
n.risk,3013,1574,1065,575,379,257,179,124,90,64,46,31,21,17,<10,<10,<10,0,0,0,0,0,Kaplan-Meier,Liver,Both,All,None,None,CPRD_GOLD
n.event,0,1240,417,351,139,69,46,24,<10,11,<10,<10,<10,0,0,0,0,0,0,0,0,0,Kaplan-Meier,Liver,Both,All,None,None,CPRD_GOLD
n.risk,35305,18582,11668,6082,3818,2686,1912,1411,1026,796,565,389,278,193,143,93,54,34,16,<10,<10,0,Kaplan-Meier,Lung,Both,All,None,None,CPRD_GOLD
n.event,0,14826,5889,4372,1544,648,401,227,164,84,88,64,32,26,<10,11,<10,<10,<10,<10,0,0,Kaplan-Meier,Lung,Both,All,None,None,CPRD_GOLD
n.risk,8059,3137,1734,755,461,311,249,186,137,111,89,70,46,33,29,14,<10,<10,<10,0,0,0,Kaplan-Meier,Pancreatic,Both,All,None,None,CPRD_GOLD
n.event,0,4441,1236,807,229,87,35,27,17,11,<10,<10,<10,<10,<10,<10,<10,<10,0,0,0,0,Kaplan-Meier,Pancreatic,Both,All,None,None,CPRD_GOLD
n.risk,57519,53127,48611,40292,33494,27668,22705,18514,14949,11828,9246,7029,5189,3770,2535,1588,912,463,236,106,36,<10,Kaplan-Meier,Prostate,Male,All,None,None,CPRD_GOLD
n.event,0,1793,1653,3140,2364,1870,1506,1216,963,799,624,482,411,276,229,157,98,53,28,16,<10,<10,Kaplan-Meier,Prostate,Male,All,None,None,CPRD_GOLD
n.risk,6012,3445,2329,1348,956,739,597,483,383,304,243,171,132,92,72,54,34,14,<10,<10,<10,<10,Kaplan-Meier,Stomach,Both,All,None,None,CPRD_GOLD
n.event,0,2268,984,812,270,130,69,59,40,29,12,23,<10,<10,<10,<10,<10,<10,0,0,0,0,Kaplan-Meier,Stomach,Both,All,None,None,CPRD_GOLD
n.risk,77904,72512,67589,58188,50160,42921,36586,31158,26175,21955,18174,14692,11791,8664,6473,4706,2691,1649,861,414,155,<10,Kaplan-Meier,Breast,Female,All,Sex,None,CPRD_GOLD
n.event,0,1835,1530,2917,2306,1854,1499,1110,919,720,577,516,400,322,219,172,100,65,44,20,<10,<10,Kaplan-Meier,Breast,Female,All,Sex,None,CPRD_GOLD
n.risk,445,410,371,322,262,212,179,148,125,94,80,61,46,29,24,18,14,<10,<10,<10,<10,0,Kaplan-Meier,Breast,Male,All,Sex,None,CPRD_GOLD
n.event,0,12,12,22,19,20,13,<10,<10,<10,<10,<10,<10,<10,0,0,0,0,<10,0,0,0,Kaplan-Meier,Breast,Male,All,Sex,None,CPRD_GOLD
n.risk,20408,16590,14416,11405,9242,7579,6257,5147,4207,3368,2665,2078,1568,1112,755,494,308,185,98,53,13,0,Kaplan-Meier,Colorectal,Female,All,Sex,None,CPRD_GOLD
n.event,0,2824,1362,1711,1040,626,454,305,257,174,163,118,69,73,61,34,24,13,<10,<10,<10,<10,Kaplan-Meier,Colorectal,Female,All,Sex,None,CPRD_GOLD
n.risk,25235,20993,18309,14176,11318,9217,7588,6193,5038,4036,3172,2447,1878,1383,946,637,416,237,125,60,23,<10,Kaplan-Meier,Colorectal,Male,All,Sex,None,CPRD_GOLD
n.event,0,3081,1721,2420,1462,940,652,465,355,268,200,151,128,99,67,44,31,<10,<10,<10,<10,0,Kaplan-Meier,Colorectal,Male,All,Sex,None,CPRD_GOLD
n.risk,3250,2764,2382,1914,1561,1289,1068,870,718,584,444,350,272,206,153,107,73,40,26,15,<10,0,Kaplan-Meier,Head_and_neck,Female,All,Sex,None,CPRD_GOLD
n.event,0,321,237,247,134,97,70,61,41,23,43,27,15,14,<10,<10,<10,<10,<10,0,0,0,Kaplan-Meier,Head_and_neck,Female,All,Sex,None,CPRD_GOLD
n.risk,7406,6291,5461,4268,3465,2844,2318,1905,1547,1211,958,725,527,376,262,179,109,61,33,18,<10,<10,Kaplan-Meier,Head_and_neck,Male,All,Sex,None,CPRD_GOLD
n.event,0,721,547,677,374,235,168,120,100,78,62,60,46,33,21,18,<10,<10,<10,<10,0,0,Kaplan-Meier,Head_and_neck,Male,All,Sex,None,CPRD_GOLD
n.risk,835,411,258,142,102,77,58,37,30,20,14,12,<10,<10,0,0,0,0,0,0,0,0,Kaplan-Meier,Liver,Female,All,Sex,None,CPRD_GOLD
n.event,0,354,124,83,29,14,12,<10,<10,<10,0,<10,0,0,0,0,0,0,0,0,0,0,Kaplan-Meier,Liver,Female,All,Sex,None,CPRD_GOLD
n.risk,2178,1163,807,433,277,180,121,87,60,44,32,19,13,11,<10,<10,<10,0,0,0,0,0,Kaplan-Meier,Liver,Male,All,Sex,None,CPRD_GOLD
n.event,0,886,293,268,110,55,34,16,<10,<10,<10,<10,<10,0,0,0,0,0,0,0,0,0,Kaplan-Meier,Liver,Male,All,Sex,None,CPRD_GOLD
n.risk,16322,9004,5909,3175,2040,1452,1017,758,547,430,307,207,145,111,80,52,28,18,<10,<10,<10,0,Kaplan-Meier,Lung,Female,All,Sex,None,CPRD_GOLD
n.event,0,6409,2588,2067,723,314,222,113,92,37,36,38,14,11,<10,<10,<10,<10,<10,0,0,0,Kaplan-Meier,Lung,Female,All,Sex,None,CPRD_GOLD
n.risk,18983,9578,5759,2907,1778,1234,895,653,479,366,258,182,133,82,63,41,26,16,<10,<10,<10,0,Kaplan-Meier,Lung,Male,All,Sex,None,CPRD_GOLD
n.event,0,8417,3301,2305,821,334,179,114,72,47,52,26,18,15,<10,<10,<10,<10,0,<10,0,0,Kaplan-Meier,Lung,Male,All,Sex,None,CPRD_GOLD
n.risk,4100,1546,847,377,229,154,119,88,65,52,40,36,24,18,16,<10,<10,0,0,0,0,0,Kaplan-Meier,Pancreatic,Female,All,Sex,None,CPRD_GOLD
n.event,0,2295,610,376,112,41,21,13,<10,<10,<10,<10,<10,<10,<10,<10,<10,0,0,0,0,0,Kaplan-Meier,Pancreatic,Female,All,Sex,None,CPRD_GOLD
n.risk,3959,1591,887,378,232,157,130,98,72,59,49,34,22,15,13,<10,<10,<10,<10,0,0,0,Kaplan-Meier,Pancreatic,Male,All,Sex,None,CPRD_GOLD
n.event,0,2146,626,431,117,46,14,14,<10,<10,<10,<10,<10,<10,0,<10,0,<10,0,0,0,0,Kaplan-Meier,Pancreatic,Male,All,Sex,None,CPRD_GOLD
n.risk,2223,1225,853,516,372,287,224,179,139,114,91,63,49,32,26,18,<10,<10,<10,0,0,0,Kaplan-Meier,Stomach,Female,All,Sex,None,CPRD_GOLD
n.event,0,877,323,276,96,49,23,22,15,<10,<10,<10,<10,<10,<10,<10,<10,<10,0,0,0,0,Kaplan-Meier,Stomach,Female,All,Sex,None,CPRD_GOLD
n.risk,3789,2220,1476,832,584,452,373,304,244,190,152,108,83,60,46,36,24,11,<10,<10,<10,<10,Kaplan-Meier,Stomach,Male,All,Sex,None,CPRD_GOLD
n.event,0,1391,661,536,174,81,46,37,25,21,<10,15,<10,<10,<10,<10,<10,<10,0,0,0,0,Kaplan-Meier,Stomach,Male,All,Sex,None,CPRD_GOLD
n.risk,77904,72512,67589,58188,50160,42921,36586,31158,26175,21955,18174,14692,11791,8664,6473,4706,2691,1649,861,414,155,<10,Kaplan-Meier,Breast,Female,All,None,Sex,CPRD_GOLD
n.event,0,1835,1530,2917,2306,1854,1499,1110,919,720,577,516,400,322,219,172,100,65,44,20,<10,<10,Kaplan-Meier,Breast,Female,All,None,Sex,CPRD_GOLD
n.risk,445,410,371,322,262,212,179,148,125,94,80,61,46,29,24,18,14,<10,<10,<10,<10,0,Kaplan-Meier,Breast,Male,All,None,Sex,CPRD_GOLD
n.event,0,12,12,22,19,20,13,<10,<10,<10,<10,<10,<10,<10,0,0,0,0,<10,0,0,0,Kaplan-Meier,Breast,Male,All,None,Sex,CPRD_GOLD
n.risk,20408,16590,14416,11405,9242,7579,6257,5147,4207,3368,2665,2078,1568,1112,755,494,308,185,98,53,13,0,Kaplan-Meier,Colorectal,Female,All,None,Sex,CPRD_GOLD
n.event,0,2824,1362,1711,1040,626,454,305,257,174,163,118,69,73,61,34,24,13,<10,<10,<10,<10,Kaplan-Meier,Colorectal,Female,All,None,Sex,CPRD_GOLD
n.risk,25235,20993,18309,14176,11318,9217,7588,6193,5038,4036,3172,2447,1878,1383,946,637,416,237,125,60,23,<10,Kaplan-Meier,Colorectal,Male,All,None,Sex,CPRD_GOLD
n.event,0,3081,1721,2420,1462,940,652,465,355,268,200,151,128,99,67,44,31,<10,<10,<10,<10,0,Kaplan-Meier,Colorectal,Male,All,None,Sex,CPRD_GOLD
n.risk,3250,2764,2382,1914,1561,1289,1068,870,718,584,444,350,272,206,153,107,73,40,26,15,<10,0,Kaplan-Meier,Head_and_neck,Female,All,None,Sex,CPRD_GOLD
n.event,0,321,237,247,134,97,70,61,41,23,43,27,15,14,<10,<10,<10,<10,<10,0,0,0,Kaplan-Meier,Head_and_neck,Female,All,None,Sex,CPRD_GOLD
n.risk,7406,6291,5461,4268,3465,2844,2318,1905,1547,1211,958,725,527,376,262,179,109,61,33,18,<10,<10,Kaplan-Meier,Head_and_neck,Male,All,None,Sex,CPRD_GOLD
n.event,0,721,547,677,374,235,168,120,100,78,62,60,46,33,21,18,<10,<10,<10,<10,0,0,Kaplan-Meier,Head_and_neck,Male,All,None,Sex,CPRD_GOLD
n.risk,835,411,258,142,102,77,58,37,30,20,14,12,<10,<10,0,0,0,0,0,0,0,0,Kaplan-Meier,Liver,Female,All,None,Sex,CPRD_GOLD
n.event,0,354,124,83,29,14,12,<10,<10,<10,0,<10,0,0,0,0,0,0,0,0,0,0,Kaplan-Meier,Liver,Female,All,None,Sex,CPRD_GOLD
n.risk,2178,1163,807,433,277,180,121,87,60,44,32,19,13,11,<10,<10,<10,0,0,0,0,0,Kaplan-Meier,Liver,Male,All,None,Sex,CPRD_GOLD
n.event,0,886,293,268,110,55,34,16,<10,<10,<10,<10,<10,0,0,0,0,0,0,0,0,0,Kaplan-Meier,Liver,Male,All,None,Sex,CPRD_GOLD
n.risk,16322,9004,5909,3175,2040,1452,1017,758,547,430,307,207,145,111,80,52,28,18,<10,<10,<10,0,Kaplan-Meier,Lung,Female,All,None,Sex,CPRD_GOLD
n.event,0,6409,2588,2067,723,314,222,113,92,37,36,38,14,11,<10,<10,<10,<10,<10,0,0,0,Kaplan-Meier,Lung,Female,All,None,Sex,CPRD_GOLD
n.risk,18983,9578,5759,2907,1778,1234,895,653,479,366,258,182,133,82,63,41,26,16,<10,<10,<10,0,Kaplan-Meier,Lung,Male,All,None,Sex,CPRD_GOLD
n.event,0,8417,3301,2305,821,334,179,114,72,47,52,26,18,15,<10,<10,<10,<10,0,<10,0,0,Kaplan-Meier,Lung,Male,All,None,Sex,CPRD_GOLD
n.risk,4100,1546,847,377,229,154,119,88,65,52,40,36,24,18,16,<10,<10,0,0,0,0,0,Kaplan-Meier,Pancreatic,Female,All,None,Sex,CPRD_GOLD
n.event,0,2295,610,376,112,41,21,13,<10,<10,<10,<10,<10,<10,<10,<10,<10,0,0,0,0,0,Kaplan-Meier,Pancreatic,Female,All,None,Sex,CPRD_GOLD
n.risk,3959,1591,887,378,232,157,130,98,72,59,49,34,22,15,13,<10,<10,<10,<10,0,0,0,Kaplan-Meier,Pancreatic,Male,All,None,Sex,CPRD_GOLD
n.event,0,2146,626,431,117,46,14,14,<10,<10,<10,<10,<10,<10,0,<10,0,<10,0,0,0,0,Kaplan-Meier,Pancreatic,Male,All,None,Sex,CPRD_GOLD
n.risk,2223,1225,853,516,372,287,224,179,139,114,91,63,49,32,26,18,<10,<10,<10,0,0,0,Kaplan-Meier,Stomach,Female,All,None,Sex,CPRD_GOLD
n.event,0,877,323,276,96,49,23,22,15,<10,<10,<10,<10,<10,<10,<10,<10,<10,0,0,0,0,Kaplan-Meier,Stomach,Female,All,None,Sex,CPRD_GOLD
n.risk,3789,2220,1476,832,584,452,373,304,244,190,152,108,83,60,46,36,24,11,<10,<10,<10,<10,Kaplan-Meier,Stomach,Male,All,None,Sex,CPRD_GOLD
n.event,0,1391,661,536,174,81,46,37,25,21,<10,15,<10,<10,<10,<10,<10,<10,0,0,0,0,Kaplan-Meier,Stomach,Male,All,None,Sex,CPRD_GOLD
n.risk,2918,2723,2529,2161,1858,1562,1347,1141,967,832,695,570,466,357,259,174,113,76,49,24,<10,0,Kaplan-Meier,Breast,Both,18 to 39,Age,None,CPRD_GOLD
n.event,0,22,40,101,75,71,40,43,27,14,16,17,11,10,<10,<10,<10,<10,<10,0,0,0,Kaplan-Meier,Breast,Both,18 to 39,Age,None,CPRD_GOLD
n.risk,10622,10094,9546,8384,7318,6384,5506,4700,3954,3335,2751,2223,1743,1365,1012,729,472,285,149,73,33,<10,Kaplan-Meier,Breast,Both,40 to 49,Age,None,CPRD_GOLD
n.event,0,54,87,232,226,199,163,117,78,69,49,34,43,22,26,16,<10,<10,<10,<10,<10,0,Kaplan-Meier,Breast,Both,40 to 49,Age,None,CPRD_GOLD
n.risk,19969,18972,17965,15975,14163,12416,10925,9604,8297,7192,6177,5183,4319,3269,2560,1982,1100,691,379,186,71,<10,Kaplan-Meier,Breast,Both,50 to 59,Age,None,CPRD_GOLD
n.event,0,130,165,356,291,261,235,157,152,124,112,103,68,52,42,41,20,14,<10,<10,<10,<10,Kaplan-Meier,Breast,Both,50 to 59,Age,None,CPRD_GOLD
n.risk,20535,19453,18318,16221,14312,12508,10809,9333,7936,6685,5594,4519,3666,2582,1912,1371,777,475,236,109,37,0,Kaplan-Meier,Breast,Both,60 to 69,Age,None,CPRD_GOLD
n.event,0,254,245,477,413,336,295,234,201,172,141,137,110,107,71,52,32,24,21,11,<10,0,Kaplan-Meier,Breast,Both,60 to 69,Age,None,CPRD_GOLD
n.risk,13542,12474,11551,9790,8316,6975,5771,4783,3894,3125,2430,1878,1394,971,669,424,221,121,49,22,<10,0,Kaplan-Meier,Breast,Both,70 to 79,Age,None,CPRD_GOLD
n.event,0,462,348,663,502,455,362,264,236,197,158,132,116,92,55,49,26,18,10,<10,<10,0,Kaplan-Meier,Breast,Both,70 to 79,Age,None,CPRD_GOLD
n.risk,10763,9206,8051,5979,4455,3288,2407,1745,1252,880,607,380,249,149,85,44,22,<10,<10,<10,0,0,Kaplan-Meier,Breast,Both,80 +,Age,None,CPRD_GOLD
n.event,0,925,657,1110,818,552,417,305,234,151,106,97,57,45,20,10,12,<10,<10,0,0,0,Kaplan-Meier,Breast,Both,80 +,Age,None,CPRD_GOLD
n.risk,560,491,429,345,277,227,187,160,137,112,94,79,67,49,33,26,18,14,10,<10,<10,0,Kaplan-Meier,Colorectal,Both,18 to 39,Age,None,CPRD_GOLD
n.event,0,25,28,34,24,16,<10,<10,<10,<10,0,<10,<10,0,<10,0,0,0,0,0,0,0,Kaplan-Meier,Colorectal,Both,18 to 39,Age,None,CPRD_GOLD
n.risk,1797,1582,1393,1110,917,772,666,573,491,405,331,277,227,176,126,90,58,32,17,10,<10,0,Kaplan-Meier,Colorectal,Both,40 to 49,Age,None,CPRD_GOLD
n.event,0,109,106,158,74,51,28,22,<10,<10,<10,<10,<10,<10,<10,0,<10,<10,0,0,0,0,Kaplan-Meier,Colorectal,Both,40 to 49,Age,None,CPRD_GOLD
n.risk,5666,5018,4467,3614,2959,2480,2098,1763,1495,1247,1036,842,672,501,359,266,175,112,63,29,12,<10,Kaplan-Meier,Colorectal,Both,50 to 59,Age,None,CPRD_GOLD
n.event,0,385,288,424,282,157,109,69,37,36,23,29,15,13,10,<10,<10,<10,0,<10,0,<10,Kaplan-Meier,Colorectal,Both,50 to 59,Age,None,CPRD_GOLD
n.risk,11651,10186,9161,7412,6097,5080,4293,3559,2959,2443,1961,1509,1169,891,630,431,277,157,81,42,13,<10,Kaplan-Meier,Colorectal,Both,60 to 69,Age,None,CPRD_GOLD
n.event,0,994,596,935,594,368,239,189,125,83,66,66,32,35,30,15,20,<10,<10,<10,<10,<10,Kaplan-Meier,Colorectal,Both,60 to 69,Age,None,CPRD_GOLD
n.risk,14437,11995,10545,8371,6766,5561,4597,3790,3098,2425,1900,1458,1074,738,473,286,181,100,49,26,<10,0,Kaplan-Meier,Colorectal,Both,70 to 79,Age,None,CPRD_GOLD
n.event,0,1819,953,1269,824,530,374,284,241,205,150,110,98,85,61,46,23,12,12,<10,<10,0,Kaplan-Meier,Colorectal,Both,70 to 79,Age,None,CPRD_GOLD
n.risk,11532,8311,6730,4729,3544,2676,2004,1495,1065,772,515,360,237,140,80,32,15,<10,<10,<10,0,0,Kaplan-Meier,Colorectal,Both,80 +,Age,None,CPRD_GOLD
n.event,0,2573,1112,1311,704,444,351,204,204,108,120,61,47,35,25,13,<10,<10,<10,<10,<10,0,Kaplan-Meier,Colorectal,Both,80 +,Age,None,CPRD_GOLD
n.risk,308,278,254,206,168,137,121,102,89,73,61,50,43,37,28,22,17,11,<10,<10,<10,0,Kaplan-Meier,Head_and_neck,Both,18 to 39,Age,None,CPRD_GOLD
n.event,0,10,<10,17,<10,<10,<10,0,<10,<10,<10,<10,0,0,0,0,<10,0,0,0,0,0,Kaplan-Meier,Head_and_neck,Both,18 to 39,Age,None,CPRD_GOLD
n.risk,974,897,795,663,572,469,391,332,279,212,181,142,109,78,61,39,26,15,11,<10,<10,0,Kaplan-Meier,Head_and_neck,Both,40 to 49,Age,None,CPRD_GOLD
n.event,0,33,59,64,31,25,19,14,<10,<10,<10,<10,<10,<10,<10,<10,<10,<10,0,<10,0,0,Kaplan-Meier,Head_and_neck,Both,40 to 49,Age,None,CPRD_GOLD
n.risk,2683,2381,2132,1736,1446,1232,1030,873,730,597,468,374,276,203,153,114,73,45,22,12,<10,<10,Kaplan-Meier,Head_and_neck,Both,50 to 59,Age,None,CPRD_GOLD
n.event,0,153,137,187,110,73,53,31,32,21,26,20,19,10,<10,<10,<10,<10,0,0,0,0,Kaplan-Meier,Head_and_neck,Both,50 to 59,Age,None,CPRD_GOLD
n.risk,3203,2767,2396,1879,1517,1268,1028,838,692,554,436,332,252,187,126,89,57,26,14,<10,<10,0,Kaplan-Meier,Head_and_neck,Both,60 to 69,Age,None,CPRD_GOLD
n.event,0,271,235,294,165,96,64,56,39,32,33,24,19,18,<10,<10,<10,<10,<10,<10,0,0,Kaplan-Meier,Head_and_neck,Both,60 to 69,Age,None,CPRD_GOLD
n.risk,2269,1844,1578,1218,959,770,624,490,378,291,213,146,98,66,40,18,<10,<10,<10,<10,<10,0,Kaplan-Meier,Head_and_neck,Both,70 to 79,Age,None,CPRD_GOLD
n.event,0,310,193,219,130,72,65,53,42,21,30,32,19,11,11,<10,<10,<10,0,<10,0,0,Kaplan-Meier,Head_and_neck,Both,70 to 79,Age,None,CPRD_GOLD
n.risk,1219,888,688,480,364,257,192,140,97,68,43,31,21,11,<10,<10,<10,0,0,0,0,0,Kaplan-Meier,Head_and_neck,Both,80 +,Age,None,CPRD_GOLD
n.event,0,265,153,143,66,62,35,27,18,18,12,<10,<10,<10,<10,<10,<10,0,0,0,0,0,Kaplan-Meier,Head_and_neck,Both,80 +,Age,None,CPRD_GOLD
n.risk,34,16,14,<10,<10,<10,<10,<10,<10,0,0,0,0,0,0,0,0,0,0,0,0,0,Kaplan-Meier,Liver,Both,18 to 39,Age,None,CPRD_GOLD
n.event,0,14,<10,<10,<10,0,0,0,0,0,0,0,0,0,0,0,0,0,0,0,0,0,Kaplan-Meier,Liver,Both,18 to 39,Age,None,CPRD_GOLD
n.risk,113,78,60,38,32,24,21,19,15,14,<10,<10,<10,<10,0,0,0,0,0,0,0,0,Kaplan-Meier,Liver,Both,40 to 49,Age,None,CPRD_GOLD
n.event,0,30,15,15,<10,<10,<10,<10,0,0,0,0,0,0,0,0,0,0,0,0,0,0,Kaplan-Meier,Liver,Both,40 to 49,Age,None,CPRD_GOLD
n.risk,447,261,186,112,73,48,38,26,20,15,13,10,<10,<10,<10,0,0,0,0,0,0,0,Kaplan-Meier,Liver,Both,50 to 59,Age,None,CPRD_GOLD
n.event,0,156,63,49,21,12,<10,<10,0,<10,0,0,<10,0,0,0,0,0,0,0,0,0,Kaplan-Meier,Liver,Both,50 to 59,Age,None,CPRD_GOLD
n.risk,824,474,330,185,124,85,58,40,30,23,16,<10,<10,<10,<10,<10,<10,0,0,0,0,0,Kaplan-Meier,Liver,Both,60 to 69,Age,None,CPRD_GOLD
n.event,0,297,113,105,39,22,14,<10,<10,<10,0,<10,<10,0,0,0,0,0,0,0,0,0,Kaplan-Meier,Liver,Both,60 to 69,Age,None,CPRD_GOLD
n.risk,989,492,330,170,112,78,50,35,23,12,<10,<10,<10,<10,<10,0,0,0,0,0,0,0,Kaplan-Meier,Liver,Both,70 to 79,Age,None,CPRD_GOLD
n.event,0,429,140,120,52,23,20,<10,<10,<10,<10,<10,0,0,0,0,0,0,0,0,0,0,Kaplan-Meier,Liver,Both,70 to 79,Age,None,CPRD_GOLD
n.risk,606,253,145,62,32,16,<10,<10,0,0,0,0,0,0,0,0,0,0,0,0,0,0,Kaplan-Meier,Liver,Both,80 +,Age,None,CPRD_GOLD
n.event,0,314,84,59,23,<10,<10,<10,<10,0,0,0,0,0,0,0,0,0,0,0,0,0,Kaplan-Meier,Liver,Both,80 +,Age,None,CPRD_GOLD
n.risk,115,82,57,41,23,21,19,14,14,13,10,<10,<10,<10,<10,<10,<10,0,0,0,0,0,Kaplan-Meier,Lung,Both,18 to 39,Age,None,CPRD_GOLD
n.event,0,27,19,<10,<10,0,0,0,0,0,0,<10,0,0,0,0,0,0,0,0,0,0,Kaplan-Meier,Lung,Both,18 to 39,Age,None,CPRD_GOLD
n.risk,859,541,355,193,120,96,74,58,44,37,27,25,17,17,13,<10,<10,<10,<10,<10,<10,0,Kaplan-Meier,Lung,Both,40 to 49,Age,None,CPRD_GOLD
n.event,0,269,157,123,49,13,<10,<10,<10,<10,<10,<10,<10,0,0,<10,0,0,0,0,0,0,Kaplan-Meier,Lung,Both,40 to 49,Age,None,CPRD_GOLD
n.risk,3777,2242,1430,789,522,406,317,260,201,164,124,89,71,53,41,32,20,10,<10,<10,<10,0,Kaplan-Meier,Lung,Both,50 to 59,Age,None,CPRD_GOLD
n.event,0,1325,694,511,179,65,41,20,18,13,17,<10,<10,<10,<10,<10,0,<10,0,<10,0,0,Kaplan-Meier,Lung,Both,50 to 59,Age,None,CPRD_GOLD
n.risk,9729,5695,3670,2005,1330,980,715,526,387,291,213,148,111,71,55,33,19,13,<10,<10,<10,0,Kaplan-Meier,Lung,Both,60 to 69,Age,None,CPRD_GOLD
n.event,0,3579,1742,1345,448,215,128,82,63,31,23,22,<10,14,<10,<10,<10,<10,0,0,0,0,Kaplan-Meier,Lung,Both,60 to 69,Age,None,CPRD_GOLD
n.risk,12861,6709,4242,2212,1388,924,635,456,329,257,173,109,68,47,31,16,<10,<10,<10,<10,<10,0,Kaplan-Meier,Lung,Both,70 to 79,Age,None,CPRD_GOLD
n.event,0,5499,2119,1580,577,253,164,88,59,31,36,27,15,<10,<10,<10,<10,0,<10,0,0,0,Kaplan-Meier,Lung,Both,70 to 79,Age,None,CPRD_GOLD
n.risk,7964,3313,1914,842,435,259,152,97,51,34,18,11,<10,<10,<10,<10,0,0,0,0,0,0,Kaplan-Meier,Lung,Both,80 +,Age,None,CPRD_GOLD
n.event,0,4127,1158,804,283,102,64,33,22,<10,10,<10,<10,<10,<10,0,<10,0,0,0,0,0,Kaplan-Meier,Lung,Both,80 +,Age,None,CPRD_GOLD
n.risk,37,20,19,13,11,<10,<10,<10,<10,<10,<10,<10,<10,0,0,0,0,0,0,0,0,0,Kaplan-Meier,Pancreatic,Both,18 to 39,Age,None,CPRD_GOLD
n.event,0,16,0,<10,0,<10,0,0,0,0,0,0,0,0,0,0,0,0,0,0,0,0,Kaplan-Meier,Pancreatic,Both,18 to 39,Age,None,CPRD_GOLD
n.risk,271,161,100,63,44,31,25,16,12,<10,<10,<10,<10,<10,<10,<10,<10,<10,0,0,0,0,Kaplan-Meier,Pancreatic,Both,40 to 49,Age,None,CPRD_GOLD
n.event,0,92,54,32,12,<10,<10,<10,0,<10,<10,0,0,0,0,0,0,0,0,0,0,0,Kaplan-Meier,Pancreatic,Both,40 to 49,Age,None,CPRD_GOLD
n.risk,948,486,285,137,93,63,53,42,31,24,20,15,<10,<10,<10,<10,<10,0,0,0,0,0,Kaplan-Meier,Pancreatic,Both,50 to 59,Age,None,CPRD_GOLD
n.event,0,415,173,121,34,18,<10,<10,<10,<10,<10,<10,<10,<10,0,0,0,0,0,0,0,0,Kaplan-Meier,Pancreatic,Both,50 to 59,Age,None,CPRD_GOLD
n.risk,2083,929,515,224,131,90,70,57,46,38,30,20,16,12,11,<10,<10,<10,<10,0,0,0,Kaplan-Meier,Pancreatic,Both,60 to 69,Age,None,CPRD_GOLD
n.event,0,1026,373,254,73,22,12,<10,<10,<10,<10,0,<10,<10,0,0,<10,0,0,0,0,0,Kaplan-Meier,Pancreatic,Both,60 to 69,Age,None,CPRD_GOLD
n.risk,2590,997,537,207,120,83,67,50,34,31,26,23,14,11,10,<10,<10,0,0,0,0,0,Kaplan-Meier,Pancreatic,Both,70 to 79,Age,None,CPRD_GOLD
n.event,0,1450,405,262,72,25,11,<10,<10,<10,0,<10,<10,0,0,<10,<10,<10,0,0,0,0,Kaplan-Meier,Pancreatic,Both,70 to 79,Age,None,CPRD_GOLD
n.risk,2130,544,278,111,62,36,27,16,11,<10,<10,<10,<10,<10,<10,0,0,0,0,0,0,0,Kaplan-Meier,Pancreatic,Both,80 +,Age,None,CPRD_GOLD
n.event,0,1442,231,134,38,13,<10,<10,<10,<10,0,0,0,0,<10,0,0,0,0,0,0,0,Kaplan-Meier,Pancreatic,Both,80 +,Age,None,CPRD_GOLD
n.risk,14,12,12,12,10,10,<10,<10,<10,<10,<10,<10,<10,<10,<10,<10,<10,<10,<10,0,0,0,Kaplan-Meier,Prostate,Male,18 to 39,Age,None,CPRD_GOLD
n.event,0,0,0,0,0,0,0,0,0,0,0,0,<10,0,0,0,0,0,0,0,0,0,Kaplan-Meier,Prostate,Male,18 to 39,Age,None,CPRD_GOLD
n.risk,414,385,359,314,283,231,189,166,137,108,85,59,41,34,16,12,<10,<10,<10,<10,<10,0,Kaplan-Meier,Prostate,Male,40 to 49,Age,None,CPRD_GOLD
n.event,0,<10,<10,<10,<10,<10,<10,0,<10,<10,<10,<10,0,<10,<10,0,0,0,0,0,0,0,Kaplan-Meier,Prostate,Male,40 to 49,Age,None,CPRD_GOLD
n.risk,5389,5058,4712,4107,3517,2972,2545,2188,1866,1532,1247,987,805,617,453,297,176,96,61,27,<10,0,Kaplan-Meier,Prostate,Male,50 to 59,Age,None,CPRD_GOLD
n.event,0,41,51,93,98,71,53,37,22,29,17,23,14,17,10,11,<10,<10,<10,<10,0,0,Kaplan-Meier,Prostate,Male,50 to 59,Age,None,CPRD_GOLD
n.risk,18231,17211,16051,13724,11793,10152,8585,7205,5961,4860,3926,3104,2348,1747,1222,778,447,227,108,57,19,<10,Kaplan-Meier,Prostate,Male,60 to 69,Age,None,CPRD_GOLD
n.event,0,199,234,557,451,313,279,268,208,178,136,115,106,80,69,51,32,19,13,<10,<10,<10,Kaplan-Meier,Prostate,Male,60 to 69,Age,None,CPRD_GOLD
n.risk,21898,20409,18752,15589,12984,10733,8826,7113,5665,4435,3391,2520,1790,1260,787,472,264,130,59,19,<10,0,Kaplan-Meier,Prostate,Male,70 to 79,Age,None,CPRD_GOLD
n.event,0,571,591,1190,946,747,641,549,467,368,327,233,218,142,124,87,57,27,13,<10,<10,<10,Kaplan-Meier,Prostate,Male,70 to 79,Age,None,CPRD_GOLD
n.risk,11573,10052,8725,6546,4907,3570,2551,1836,1314,887,591,353,202,109,54,27,14,<10,<10,<10,0,0,Kaplan-Meier,Prostate,Male,80 +,Age,None,CPRD_GOLD
n.event,0,979,771,1292,867,730,530,362,264,223,143,109,72,36,25,<10,<10,<10,0,0,0,0,Kaplan-Meier,Prostate,Male,80 +,Age,None,CPRD_GOLD
n.risk,79,52,35,25,20,14,13,12,<10,<10,<10,<10,<10,<10,<10,0,0,0,0,0,0,0,Kaplan-Meier,Stomach,Both,18 to 39,Age,None,CPRD_GOLD
n.event,0,20,14,<10,<10,<10,0,0,0,<10,<10,0,0,<10,0,0,0,0,0,0,0,0,Kaplan-Meier,Stomach,Both,18 to 39,Age,None,CPRD_GOLD
n.risk,203,127,86,53,35,28,23,19,17,13,11,<10,<10,<10,<10,<10,<10,<10,<10,<10,<10,<10,Kaplan-Meier,Stomach,Both,40 to 49,Age,None,CPRD_GOLD
n.event,0,67,35,23,10,<10,<10,<10,0,0,0,0,0,0,0,0,0,0,0,0,0,0,Kaplan-Meier,Stomach,Both,40 to 49,Age,None,CPRD_GOLD
n.risk,501,326,231,144,107,85,69,58,55,45,40,33,28,20,18,15,<10,<10,<10,0,0,0,Kaplan-Meier,Stomach,Both,50 to 59,Age,None,CPRD_GOLD
n.event,0,143,84,72,20,13,<10,<10,<10,<10,0,<10,<10,<10,0,<10,<10,0,0,0,0,0,Kaplan-Meier,Stomach,Both,50 to 59,Age,None,CPRD_GOLD
n.risk,1111,705,503,318,239,191,152,129,109,92,80,53,43,33,25,20,15,<10,<10,<10,<10,0,Kaplan-Meier,Stomach,Both,60 to 69,Age,None,CPRD_GOLD
n.event,0,362,178,164,51,28,18,12,10,<10,<10,<10,<10,0,<10,<10,<10,<10,0,0,0,0,Kaplan-Meier,Stomach,Both,60 to 69,Age,None,CPRD_GOLD
n.risk,2154,1287,895,509,370,300,252,199,149,117,88,62,47,32,22,16,<10,<10,<10,<10,<10,0,Kaplan-Meier,Stomach,Both,70 to 79,Age,None,CPRD_GOLD
n.event,0,789,351,312,102,49,20,29,16,14,<10,10,<10,<10,<10,<10,<10,0,0,0,0,0,Kaplan-Meier,Stomach,Both,70 to 79,Age,None,CPRD_GOLD
n.risk,1964,948,579,299,185,121,88,66,44,30,20,10,<10,0,0,0,0,0,0,0,0,0,Kaplan-Meier,Stomach,Both,80 +,Age,None,CPRD_GOLD
n.event,0,887,322,234,83,36,25,13,12,<10,<10,<10,<10,0,0,0,0,0,0,0,0,0,Kaplan-Meier,Stomach,Both,80 +,Age,None,CPRD_GOLD
n.risk,2918,2723,2529,2161,1858,1562,1347,1141,967,832,695,570,466,357,259,174,113,76,49,24,<10,0,Kaplan-Meier,Breast,Both,18 to 39,None,Age,CPRD_GOLD
n.event,0,22,40,101,75,71,40,43,27,14,16,17,11,10,<10,<10,<10,<10,<10,0,0,0,Kaplan-Meier,Breast,Both,18 to 39,None,Age,CPRD_GOLD
n.risk,10622,10094,9546,8384,7318,6384,5506,4700,3954,3335,2751,2223,1743,1365,1012,729,472,285,149,73,33,<10,Kaplan-Meier,Breast,Both,40 to 49,None,Age,CPRD_GOLD
n.event,0,54,87,232,226,199,163,117,78,69,49,34,43,22,26,16,<10,<10,<10,<10,<10,0,Kaplan-Meier,Breast,Both,40 to 49,None,Age,CPRD_GOLD
n.risk,19969,18972,17965,15975,14163,12416,10925,9604,8297,7192,6177,5183,4319,3269,2560,1982,1100,691,379,186,71,<10,Kaplan-Meier,Breast,Both,50 to 59,None,Age,CPRD_GOLD
n.event,0,130,165,356,291,261,235,157,152,124,112,103,68,52,42,41,20,14,<10,<10,<10,<10,Kaplan-Meier,Breast,Both,50 to 59,None,Age,CPRD_GOLD
n.risk,20535,19453,18318,16221,14312,12508,10809,9333,7936,6685,5594,4519,3666,2582,1912,1371,777,475,236,109,37,0,Kaplan-Meier,Breast,Both,60 to 69,None,Age,CPRD_GOLD
n.event,0,254,245,477,413,336,295,234,201,172,141,137,110,107,71,52,32,24,21,11,<10,0,Kaplan-Meier,Breast,Both,60 to 69,None,Age,CPRD_GOLD
n.risk,13542,12474,11551,9790,8316,6975,5771,4783,3894,3125,2430,1878,1394,971,669,424,221,121,49,22,<10,0,Kaplan-Meier,Breast,Both,70 to 79,None,Age,CPRD_GOLD
n.event,0,462,348,663,502,455,362,264,236,197,158,132,116,92,55,49,26,18,10,<10,<10,0,Kaplan-Meier,Breast,Both,70 to 79,None,Age,CPRD_GOLD
n.risk,10763,9206,8051,5979,4455,3288,2407,1745,1252,880,607,380,249,149,85,44,22,<10,<10,<10,0,0,Kaplan-Meier,Breast,Both,80 +,None,Age,CPRD_GOLD
n.event,0,925,657,1110,818,552,417,305,234,151,106,97,57,45,20,10,12,<10,<10,0,0,0,Kaplan-Meier,Breast,Both,80 +,None,Age,CPRD_GOLD
n.risk,560,491,429,345,277,227,187,160,137,112,94,79,67,49,33,26,18,14,10,<10,<10,0,Kaplan-Meier,Colorectal,Both,18 to 39,None,Age,CPRD_GOLD
n.event,0,25,28,34,24,16,<10,<10,<10,<10,0,<10,<10,0,<10,0,0,0,0,0,0,0,Kaplan-Meier,Colorectal,Both,18 to 39,None,Age,CPRD_GOLD
n.risk,1797,1582,1393,1110,917,772,666,573,491,405,331,277,227,176,126,90,58,32,17,10,<10,0,Kaplan-Meier,Colorectal,Both,40 to 49,None,Age,CPRD_GOLD
n.event,0,109,106,158,74,51,28,22,<10,<10,<10,<10,<10,<10,<10,0,<10,<10,0,0,0,0,Kaplan-Meier,Colorectal,Both,40 to 49,None,Age,CPRD_GOLD
n.risk,5666,5018,4467,3614,2959,2480,2098,1763,1495,1247,1036,842,672,501,359,266,175,112,63,29,12,<10,Kaplan-Meier,Colorectal,Both,50 to 59,None,Age,CPRD_GOLD
n.event,0,385,288,424,282,157,109,69,37,36,23,29,15,13,10,<10,<10,<10,0,<10,0,<10,Kaplan-Meier,Colorectal,Both,50 to 59,None,Age,CPRD_GOLD
n.risk,11651,10186,9161,7412,6097,5080,4293,3559,2959,2443,1961,1509,1169,891,630,431,277,157,81,42,13,<10,Kaplan-Meier,Colorectal,Both,60 to 69,None,Age,CPRD_GOLD
n.event,0,994,596,935,594,368,239,189,125,83,66,66,32,35,30,15,20,<10,<10,<10,<10,<10,Kaplan-Meier,Colorectal,Both,60 to 69,None,Age,CPRD_GOLD
n.risk,14437,11995,10545,8371,6766,5561,4597,3790,3098,2425,1900,1458,1074,738,473,286,181,100,49,26,<10,0,Kaplan-Meier,Colorectal,Both,70 to 79,None,Age,CPRD_GOLD
n.event,0,1819,953,1269,824,530,374,284,241,205,150,110,98,85,61,46,23,12,12,<10,<10,0,Kaplan-Meier,Colorectal,Both,70 to 79,None,Age,CPRD_GOLD
n.risk,11532,8311,6730,4729,3544,2676,2004,1495,1065,772,515,360,237,140,80,32,15,<10,<10,<10,0,0,Kaplan-Meier,Colorectal,Both,80 +,None,Age,CPRD_GOLD
n.event,0,2573,1112,1311,704,444,351,204,204,108,120,61,47,35,25,13,<10,<10,<10,<10,<10,0,Kaplan-Meier,Colorectal,Both,80 +,None,Age,CPRD_GOLD
n.risk,308,278,254,206,168,137,121,102,89,73,61,50,43,37,28,22,17,11,<10,<10,<10,0,Kaplan-Meier,Head_and_neck,Both,18 to 39,None,Age,CPRD_GOLD
n.event,0,10,<10,17,<10,<10,<10,0,<10,<10,<10,<10,0,0,0,0,<10,0,0,0,0,0,Kaplan-Meier,Head_and_neck,Both,18 to 39,None,Age,CPRD_GOLD
n.risk,974,897,795,663,572,469,391,332,279,212,181,142,109,78,61,39,26,15,11,<10,<10,0,Kaplan-Meier,Head_and_neck,Both,40 to 49,None,Age,CPRD_GOLD
n.event,0,33,59,64,31,25,19,14,<10,<10,<10,<10,<10,<10,<10,<10,<10,<10,0,<10,0,0,Kaplan-Meier,Head_and_neck,Both,40 to 49,None,Age,CPRD_GOLD
n.risk,2683,2381,2132,1736,1446,1232,1030,873,730,597,468,374,276,203,153,114,73,45,22,12,<10,<10,Kaplan-Meier,Head_and_neck,Both,50 to 59,None,Age,CPRD_GOLD
n.event,0,153,137,187,110,73,53,31,32,21,26,20,19,10,<10,<10,<10,<10,0,0,0,0,Kaplan-Meier,Head_and_neck,Both,50 to 59,None,Age,CPRD_GOLD
n.risk,3203,2767,2396,1879,1517,1268,1028,838,692,554,436,332,252,187,126,89,57,26,14,<10,<10,0,Kaplan-Meier,Head_and_neck,Both,60 to 69,None,Age,CPRD_GOLD
n.event,0,271,235,294,165,96,64,56,39,32,33,24,19,18,<10,<10,<10,<10,<10,<10,0,0,Kaplan-Meier,Head_and_neck,Both,60 to 69,None,Age,CPRD_GOLD
n.risk,2269,1844,1578,1218,959,770,624,490,378,291,213,146,98,66,40,18,<10,<10,<10,<10,<10,0,Kaplan-Meier,Head_and_neck,Both,70 to 79,None,Age,CPRD_GOLD
n.event,0,310,193,219,130,72,65,53,42,21,30,32,19,11,11,<10,<10,<10,0,<10,0,0,Kaplan-Meier,Head_and_neck,Both,70 to 79,None,Age,CPRD_GOLD
n.risk,1219,888,688,480,364,257,192,140,97,68,43,31,21,11,<10,<10,<10,0,0,0,0,0,Kaplan-Meier,Head_and_neck,Both,80 +,None,Age,CPRD_GOLD
n.event,0,265,153,143,66,62,35,27,18,18,12,<10,<10,<10,<10,<10,<10,0,0,0,0,0,Kaplan-Meier,Head_and_neck,Both,80 +,None,Age,CPRD_GOLD
n.risk,34,16,14,<10,<10,<10,<10,<10,<10,0,0,0,0,0,0,0,0,0,0,0,0,0,Kaplan-Meier,Liver,Both,18 to 39,None,Age,CPRD_GOLD
n.event,0,14,<10,<10,<10,0,0,0,0,0,0,0,0,0,0,0,0,0,0,0,0,0,Kaplan-Meier,Liver,Both,18 to 39,None,Age,CPRD_GOLD
n.risk,113,78,60,38,32,24,21,19,15,14,<10,<10,<10,<10,0,0,0,0,0,0,0,0,Kaplan-Meier,Liver,Both,40 to 49,None,Age,CPRD_GOLD
n.event,0,30,15,15,<10,<10,<10,<10,0,0,0,0,0,0,0,0,0,0,0,0,0,0,Kaplan-Meier,Liver,Both,40 to 49,None,Age,CPRD_GOLD
n.risk,447,261,186,112,73,48,38,26,20,15,13,10,<10,<10,<10,0,0,0,0,0,0,0,Kaplan-Meier,Liver,Both,50 to 59,None,Age,CPRD_GOLD
n.event,0,156,63,49,21,12,<10,<10,0,<10,0,0,<10,0,0,0,0,0,0,0,0,0,Kaplan-Meier,Liver,Both,50 to 59,None,Age,CPRD_GOLD
n.risk,824,474,330,185,124,85,58,40,30,23,16,<10,<10,<10,<10,<10,<10,0,0,0,0,0,Kaplan-Meier,Liver,Both,60 to 69,None,Age,CPRD_GOLD
n.event,0,297,113,105,39,22,14,<10,<10,<10,0,<10,<10,0,0,0,0,0,0,0,0,0,Kaplan-Meier,Liver,Both,60 to 69,None,Age,CPRD_GOLD
n.risk,989,492,330,170,112,78,50,35,23,12,<10,<10,<10,<10,<10,0,0,0,0,0,0,0,Kaplan-Meier,Liver,Both,70 to 79,None,Age,CPRD_GOLD
n.event,0,429,140,120,52,23,20,<10,<10,<10,<10,<10,0,0,0,0,0,0,0,0,0,0,Kaplan-Meier,Liver,Both,70 to 79,None,Age,CPRD_GOLD
n.risk,606,253,145,62,32,16,<10,<10,0,0,0,0,0,0,0,0,0,0,0,0,0,0,Kaplan-Meier,Liver,Both,80 +,None,Age,CPRD_GOLD
n.event,0,314,84,59,23,<10,<10,<10,<10,0,0,0,0,0,0,0,0,0,0,0,0,0,Kaplan-Meier,Liver,Both,80 +,None,Age,CPRD_GOLD
n.risk,115,82,57,41,23,21,19,14,14,13,10,<10,<10,<10,<10,<10,<10,0,0,0,0,0,Kaplan-Meier,Lung,Both,18 to 39,None,Age,CPRD_GOLD
n.event,0,27,19,<10,<10,0,0,0,0,0,0,<10,0,0,0,0,0,0,0,0,0,0,Kaplan-Meier,Lung,Both,18 to 39,None,Age,CPRD_GOLD
n.risk,859,541,355,193,120,96,74,58,44,37,27,25,17,17,13,<10,<10,<10,<10,<10,<10,0,Kaplan-Meier,Lung,Both,40 to 49,None,Age,CPRD_GOLD
n.event,0,269,157,123,49,13,<10,<10,<10,<10,<10,<10,<10,0,0,<10,0,0,0,0,0,0,Kaplan-Meier,Lung,Both,40 to 49,None,Age,CPRD_GOLD
n.risk,3777,2242,1430,789,522,406,317,260,201,164,124,89,71,53,41,32,20,10,<10,<10,<10,0,Kaplan-Meier,Lung,Both,50 to 59,None,Age,CPRD_GOLD
n.event,0,1325,694,511,179,65,41,20,18,13,17,<10,<10,<10,<10,<10,0,<10,0,<10,0,0,Kaplan-Meier,Lung,Both,50 to 59,None,Age,CPRD_GOLD
n.risk,9729,5695,3670,2005,1330,980,715,526,387,291,213,148,111,71,55,33,19,13,<10,<10,<10,0,Kaplan-Meier,Lung,Both,60 to 69,None,Age,CPRD_GOLD
n.event,0,3579,1742,1345,448,215,128,82,63,31,23,22,<10,14,<10,<10,<10,<10,0,0,0,0,Kaplan-Meier,Lung,Both,60 to 69,None,Age,CPRD_GOLD
n.risk,12861,6709,4242,2212,1388,924,635,456,329,257,173,109,68,47,31,16,<10,<10,<10,<10,<10,0,Kaplan-Meier,Lung,Both,70 to 79,None,Age,CPRD_GOLD
n.event,0,5499,2119,1580,577,253,164,88,59,31,36,27,15,<10,<10,<10,<10,0,<10,0,0,0,Kaplan-Meier,Lung,Both,70 to 79,None,Age,CPRD_GOLD
n.risk,7964,3313,1914,842,435,259,152,97,51,34,18,11,<10,<10,<10,<10,0,0,0,0,0,0,Kaplan-Meier,Lung,Both,80 +,None,Age,CPRD_GOLD
n.event,0,4127,1158,804,283,102,64,33,22,<10,10,<10,<10,<10,<10,0,<10,0,0,0,0,0,Kaplan-Meier,Lung,Both,80 +,None,Age,CPRD_GOLD
n.risk,37,20,19,13,11,<10,<10,<10,<10,<10,<10,<10,<10,0,0,0,0,0,0,0,0,0,Kaplan-Meier,Pancreatic,Both,18 to 39,None,Age,CPRD_GOLD
n.event,0,16,0,<10,0,<10,0,0,0,0,0,0,0,0,0,0,0,0,0,0,0,0,Kaplan-Meier,Pancreatic,Both,18 to 39,None,Age,CPRD_GOLD
n.risk,271,161,100,63,44,31,25,16,12,<10,<10,<10,<10,<10,<10,<10,<10,<10,0,0,0,0,Kaplan-Meier,Pancreatic,Both,40 to 49,None,Age,CPRD_GOLD
n.event,0,92,54,32,12,<10,<10,<10,0,<10,<10,0,0,0,0,0,0,0,0,0,0,0,Kaplan-Meier,Pancreatic,Both,40 to 49,None,Age,CPRD_GOLD
n.risk,948,486,285,137,93,63,53,42,31,24,20,15,<10,<10,<10,<10,<10,0,0,0,0,0,Kaplan-Meier,Pancreatic,Both,50 to 59,None,Age,CPRD_GOLD
n.event,0,415,173,121,34,18,<10,<10,<10,<10,<10,<10,<10,<10,0,0,0,0,0,0,0,0,Kaplan-Meier,Pancreatic,Both,50 to 59,None,Age,CPRD_GOLD
n.risk,2083,929,515,224,131,90,70,57,46,38,30,20,16,12,11,<10,<10,<10,<10,0,0,0,Kaplan-Meier,Pancreatic,Both,60 to 69,None,Age,CPRD_GOLD
n.event,0,1026,373,254,73,22,12,<10,<10,<10,<10,0,<10,<10,0,0,<10,0,0,0,0,0,Kaplan-Meier,Pancreatic,Both,60 to 69,None,Age,CPRD_GOLD
n.risk,2590,997,537,207,120,83,67,50,34,31,26,23,14,11,10,<10,<10,0,0,0,0,0,Kaplan-Meier,Pancreatic,Both,70 to 79,None,Age,CPRD_GOLD
n.event,0,1450,405,262,72,25,11,<10,<10,<10,0,<10,<10,0,0,<10,<10,<10,0,0,0,0,Kaplan-Meier,Pancreatic,Both,70 to 79,None,Age,CPRD_GOLD
n.risk,2130,544,278,111,62,36,27,16,11,<10,<10,<10,<10,<10,<10,0,0,0,0,0,0,0,Kaplan-Meier,Pancreatic,Both,80 +,None,Age,CPRD_GOLD
n.event,0,1442,231,134,38,13,<10,<10,<10,<10,0,0,0,0,<10,0,0,0,0,0,0,0,Kaplan-Meier,Pancreatic,Both,80 +,None,Age,CPRD_GOLD
n.risk,14,12,12,12,10,10,<10,<10,<10,<10,<10,<10,<10,<10,<10,<10,<10,<10,<10,0,0,0,Kaplan-Meier,Prostate,Male,18 to 39,None,Age,CPRD_GOLD
n.event,0,0,0,0,0,0,0,0,0,0,0,0,<10,0,0,0,0,0,0,0,0,0,Kaplan-Meier,Prostate,Male,18 to 39,None,Age,CPRD_GOLD
n.risk,414,385,359,314,283,231,189,166,137,108,85,59,41,34,16,12,<10,<10,<10,<10,<10,0,Kaplan-Meier,Prostate,Male,40 to 49,None,Age,CPRD_GOLD
n.event,0,<10,<10,<10,<10,<10,<10,0,<10,<10,<10,<10,0,<10,<10,0,0,0,0,0,0,0,Kaplan-Meier,Prostate,Male,40 to 49,None,Age,CPRD_GOLD
n.risk,5389,5058,4712,4107,3517,2972,2545,2188,1866,1532,1247,987,805,617,453,297,176,96,61,27,<10,0,Kaplan-Meier,Prostate,Male,50 to 59,None,Age,CPRD_GOLD
n.event,0,41,51,93,98,71,53,37,22,29,17,23,14,17,10,11,<10,<10,<10,<10,0,0,Kaplan-Meier,Prostate,Male,50 to 59,None,Age,CPRD_GOLD
n.risk,18231,17211,16051,13724,11793,10152,8585,7205,5961,4860,3926,3104,2348,1747,1222,778,447,227,108,57,19,<10,Kaplan-Meier,Prostate,Male,60 to 69,None,Age,CPRD_GOLD
n.event,0,199,234,557,451,313,279,268,208,178,136,115,106,80,69,51,32,19,13,<10,<10,<10,Kaplan-Meier,Prostate,Male,60 to 69,None,Age,CPRD_GOLD
n.risk,21898,20409,18752,15589,12984,10733,8826,7113,5665,4435,3391,2520,1790,1260,787,472,264,130,59,19,<10,0,Kaplan-Meier,Prostate,Male,70 to 79,None,Age,CPRD_GOLD
n.event,0,571,591,1190,946,747,641,549,467,368,327,233,218,142,124,87,57,27,13,<10,<10,<10,Kaplan-Meier,Prostate,Male,70 to 79,None,Age,CPRD_GOLD
n.risk,11573,10052,8725,6546,4907,3570,2551,1836,1314,887,591,353,202,109,54,27,14,<10,<10,<10,0,0,Kaplan-Meier,Prostate,Male,80 +,None,Age,CPRD_GOLD
n.event,0,979,771,1292,867,730,530,362,264,223,143,109,72,36,25,<10,<10,<10,0,0,0,0,Kaplan-Meier,Prostate,Male,80 +,None,Age,CPRD_GOLD
n.risk,79,52,35,25,20,14,13,12,<10,<10,<10,<10,<10,<10,<10,0,0,0,0,0,0,0,Kaplan-Meier,Stomach,Both,18 to 39,None,Age,CPRD_GOLD
n.event,0,20,14,<10,<10,<10,0,0,0,<10,<10,0,0,<10,0,0,0,0,0,0,0,0,Kaplan-Meier,Stomach,Both,18 to 39,None,Age,CPRD_GOLD
n.risk,203,127,86,53,35,28,23,19,17,13,11,<10,<10,<10,<10,<10,<10,<10,<10,<10,<10,<10,Kaplan-Meier,Stomach,Both,40 to 49,None,Age,CPRD_GOLD
n.event,0,67,35,23,10,<10,<10,<10,0,0,0,0,0,0,0,0,0,0,0,0,0,0,Kaplan-Meier,Stomach,Both,40 to 49,None,Age,CPRD_GOLD
n.risk,501,326,231,144,107,85,69,58,55,45,40,33,28,20,18,15,<10,<10,<10,0,0,0,Kaplan-Meier,Stomach,Both,50 to 59,None,Age,CPRD_GOLD
n.event,0,143,84,72,20,13,<10,<10,<10,<10,0,<10,<10,<10,0,<10,<10,0,0,0,0,0,Kaplan-Meier,Stomach,Both,50 to 59,None,Age,CPRD_GOLD
n.risk,1111,705,503,318,239,191,152,129,109,92,80,53,43,33,25,20,15,<10,<10,<10,<10,0,Kaplan-Meier,Stomach,Both,60 to 69,None,Age,CPRD_GOLD
n.event,0,362,178,164,51,28,18,12,10,<10,<10,<10,<10,0,<10,<10,<10,<10,0,0,0,0,Kaplan-Meier,Stomach,Both,60 to 69,None,Age,CPRD_GOLD
n.risk,2154,1287,895,509,370,300,252,199,149,117,88,62,47,32,22,16,<10,<10,<10,<10,<10,0,Kaplan-Meier,Stomach,Both,70 to 79,None,Age,CPRD_GOLD
n.event,0,789,351,312,102,49,20,29,16,14,<10,10,<10,<10,<10,<10,<10,0,0,0,0,0,Kaplan-Meier,Stomach,Both,70 to 79,None,Age,CPRD_GOLD
n.risk,1964,948,579,299,185,121,88,66,44,30,20,10,<10,0,0,0,0,0,0,0,0,0,Kaplan-Meier,Stomach,Both,80 +,None,Age,CPRD_GOLD
n.event,0,887,322,234,83,36,25,13,12,<10,<10,<10,<10,0,0,0,0,0,0,0,0,0,Kaplan-Meier,Stomach,Both,80 +,None,Age,CPRD_GOLD
n.risk,2908,2713,2520,2152,1850,1556,1341,1135,963,829,692,568,465,356,258,173,112,76,49,24,<10,0,Kaplan-Meier,Breast,Female,18 to 39,agesex,None,CPRD_GOLD
n.event,0,22,40,101,75,71,40,43,27,14,16,17,11,10,<10,<10,<10,<10,<10,0,0,0,Kaplan-Meier,Breast,Female,18 to 39,agesex,None,CPRD_GOLD
n.risk,10,10,<10,<10,<10,<10,<10,<10,<10,<10,<10,<10,<10,<10,<10,<10,<10,0,0,0,0,0,Kaplan-Meier,Breast,Male,18 to 39,agesex,None,CPRD_GOLD
n.event,0,0,0,0,0,0,0,0,0,0,0,0,0,0,0,0,0,0,0,0,0,0,Kaplan-Meier,Breast,Male,18 to 39,agesex,None,CPRD_GOLD
n.risk,10597,10070,9525,8364,7303,6370,5492,4688,3942,3327,2744,2216,1737,1362,1010,728,471,284,148,72,32,<10,Kaplan-Meier,Breast,Female,40 to 49,agesex,None,CPRD_GOLD
n.event,0,54,87,232,225,199,163,117,78,69,49,34,43,21,26,16,<10,<10,<10,<10,<10,0,Kaplan-Meier,Breast,Female,40 to 49,agesex,None,CPRD_GOLD
n.risk,25,24,21,20,15,14,14,12,12,<10,<10,<10,<10,<10,<10,<10,<10,<10,<10,<10,<10,0,Kaplan-Meier,Breast,Male,40 to 49,agesex,None,CPRD_GOLD
n.event,0,0,0,0,<10,0,0,0,0,0,0,0,0,<10,0,0,0,0,0,0,0,0,Kaplan-Meier,Breast,Male,40 to 49,agesex,None,CPRD_GOLD
n.risk,19907,18917,17913,15933,14124,12381,10896,9581,8276,7174,6161,5170,4309,3263,2554,1977,1096,689,378,185,71,<10,Kaplan-Meier,Breast,Female,50 to 59,agesex,None,CPRD_GOLD
n.event,0,129,163,354,291,259,232,155,152,124,111,103,68,51,42,41,20,14,<10,<10,<10,<10,Kaplan-Meier,Breast,Female,50 to 59,agesex,None,CPRD_GOLD
n.risk,62,55,52,42,39,35,29,23,21,18,16,13,10,<10,<10,<10,<10,<10,<10,<10,0,0,Kaplan-Meier,Breast,Male,50 to 59,agesex,None,CPRD_GOLD
n.event,0,<10,<10,<10,0,<10,<10,<10,0,0,<10,0,0,<10,0,0,0,0,0,0,0,0,Kaplan-Meier,Breast,Male,50 to 59,agesex,None,CPRD_GOLD
n.risk,20415,19337,18209,16124,14233,12447,10760,9290,7900,6655,5568,4496,3647,2569,1902,1362,770,471,234,109,37,0,Kaplan-Meier,Breast,Female,60 to 69,agesex,None,CPRD_GOLD
n.event,0,252,242,469,409,330,292,232,198,170,141,136,110,105,71,52,32,24,20,11,<10,0,Kaplan-Meier,Breast,Female,60 to 69,agesex,None,CPRD_GOLD
n.risk,120,116,109,97,79,61,49,43,36,30,26,23,19,13,10,<10,<10,<10,<10,0,0,0,Kaplan-Meier,Breast,Male,60 to 69,agesex,None,CPRD_GOLD
n.event,0,<10,<10,<10,<10,<10,<10,<10,<10,<10,0,<10,0,<10,0,0,0,0,<10,0,0,0,Kaplan-Meier,Breast,Male,60 to 69,agesex,None,CPRD_GOLD
n.risk,13403,12347,11437,9696,8238,6909,5711,4735,3852,3099,2410,1866,1386,966,665,422,220,121,49,22,<10,0,Kaplan-Meier,Breast,Female,70 to 79,agesex,None,CPRD_GOLD
n.event,0,460,344,656,496,447,359,260,234,193,154,131,113,91,55,49,26,18,10,<10,<10,0,Kaplan-Meier,Breast,Female,70 to 79,agesex,None,CPRD_GOLD
n.risk,139,127,114,94,78,66,60,48,42,26,20,12,<10,<10,<10,<10,<10,0,0,0,0,0,Kaplan-Meier,Breast,Male,70 to 79,agesex,None,CPRD_GOLD
n.event,0,<10,<10,<10,<10,<10,<10,<10,<10,<10,<10,<10,<10,<10,0,0,0,0,0,0,0,0,Kaplan-Meier,Breast,Male,70 to 79,agesex,None,CPRD_GOLD
n.risk,10674,9128,7985,5919,4412,3258,2386,1729,1242,871,599,376,247,148,84,44,22,<10,<10,<10,0,0,Kaplan-Meier,Breast,Female,80 +,agesex,None,CPRD_GOLD
n.event,0,918,654,1105,810,548,413,303,230,150,106,95,55,44,20,10,12,<10,<10,0,0,0,Kaplan-Meier,Breast,Female,80 +,agesex,None,CPRD_GOLD
n.risk,89,78,66,60,43,30,21,16,10,<10,<10,<10,<10,<10,<10,0,0,0,0,0,0,0,Kaplan-Meier,Breast,Male,80 +,agesex,None,CPRD_GOLD
n.event,0,<10,<10,<10,<10,<10,<10,<10,<10,<10,0,<10,<10,<10,0,0,0,0,0,0,0,0,Kaplan-Meier,Breast,Male,80 +,agesex,None,CPRD_GOLD
n.risk,283,250,218,175,144,119,98,83,70,58,49,44,37,25,18,13,<10,<10,<10,<10,0,0,Kaplan-Meier,Colorectal,Female,18 to 39,agesex,None,CPRD_GOLD
n.event,0,12,15,19,<10,<10,<10,<10,<10,<10,0,0,0,0,<10,0,0,0,0,0,0,0,Kaplan-Meier,Colorectal,Female,18 to 39,agesex,None,CPRD_GOLD
n.risk,277,241,211,170,133,108,89,77,67,54,45,35,30,24,15,13,<10,<10,<10,<10,<10,0,Kaplan-Meier,Colorectal,Male,18 to 39,agesex,None,CPRD_GOLD
n.event,0,13,13,15,15,10,<10,<10,0,<10,0,<10,<10,0,0,0,0,0,0,0,0,0,Kaplan-Meier,Colorectal,Male,18 to 39,agesex,None,CPRD_GOLD
n.risk,849,756,683,554,460,390,338,293,251,201,169,139,110,90,67,45,28,14,<10,<10,<10,0,Kaplan-Meier,Colorectal,Female,40 to 49,agesex,None,CPRD_GOLD
n.event,0,43,40,68,37,21,15,11,<10,<10,0,<10,<10,0,<10,0,<10,0,0,0,0,0,Kaplan-Meier,Colorectal,Female,40 to 49,agesex,None,CPRD_GOLD
n.risk,948,826,710,556,457,382,328,280,240,204,162,138,117,86,59,45,30,18,10,<10,<10,0,Kaplan-Meier,Colorectal,Male,40 to 49,agesex,None,CPRD_GOLD
n.event,0,66,66,90,37,30,13,11,<10,<10,<10,<10,<10,<10,0,0,0,<10,0,0,0,0,Kaplan-Meier,Colorectal,Male,40 to 49,agesex,None,CPRD_GOLD
n.risk,2405,2113,1885,1561,1278,1064,909,760,643,535,455,375,301,217,157,117,77,53,26,13,<10,0,Kaplan-Meier,Colorectal,Female,50 to 59,agesex,None,CPRD_GOLD
n.event,0,181,117,150,127,63,40,31,15,13,<10,<10,<10,<10,<10,<10,<10,<10,0,<10,0,<10,Kaplan-Meier,Colorectal,Female,50 to 59,agesex,None,CPRD_GOLD
n.risk,3261,2905,2582,2053,1681,1416,1189,1003,852,712,581,467,371,284,202,149,98,59,37,16,<10,<10,Kaplan-Meier,Colorectal,Male,50 to 59,agesex,None,CPRD_GOLD
n.event,0,204,171,274,155,94,69,38,22,23,16,20,11,<10,<10,<10,<10,<10,0,0,0,0,Kaplan-Meier,Colorectal,Male,50 to 59,agesex,None,CPRD_GOLD
n.risk,4603,4009,3613,2956,2448,2055,1734,1457,1224,1024,832,656,505,375,262,168,105,66,38,17,<10,0,Kaplan-Meier,Colorectal,Female,60 to 69,agesex,None,CPRD_GOLD
n.event,0,389,231,347,221,123,83,63,40,27,29,28,10,11,13,<10,<10,<10,<10,<10,0,<10,Kaplan-Meier,Colorectal,Female,60 to 69,agesex,None,CPRD_GOLD
n.risk,7048,6177,5548,4456,3649,3025,2559,2102,1735,1419,1129,853,664,516,368,263,172,91,43,25,<10,<10,Kaplan-Meier,Colorectal,Male,60 to 69,agesex,None,CPRD_GOLD
n.event,0,605,365,588,373,245,156,126,85,56,37,38,22,24,17,10,12,<10,<10,<10,<10,0,Kaplan-Meier,Colorectal,Male,60 to 69,agesex,None,CPRD_GOLD
n.risk,6171,5119,4493,3629,2996,2485,2063,1726,1417,1115,865,664,479,324,209,137,84,44,20,13,<10,0,Kaplan-Meier,Colorectal,Female,70 to 79,agesex,None,CPRD_GOLD
n.event,0,791,391,490,289,194,136,105,100,77,63,41,34,35,26,19,10,<10,<10,<10,<10,0,Kaplan-Meier,Colorectal,Female,70 to 79,agesex,None,CPRD_GOLD
n.risk,8266,6876,6052,4742,3770,3076,2534,2064,1681,1310,1035,794,595,414,264,149,97,56,29,13,<10,0,Kaplan-Meier,Colorectal,Male,70 to 79,agesex,None,CPRD_GOLD
n.event,0,1028,562,779,535,336,238,179,141,128,87,69,64,50,35,27,13,<10,<10,<10,<10,0,Kaplan-Meier,Colorectal,Male,70 to 79,agesex,None,CPRD_GOLD
n.risk,6097,4343,3524,2530,1916,1466,1115,828,602,435,295,200,136,81,42,14,<10,<10,<10,<10,0,0,Kaplan-Meier,Colorectal,Female,80 +,agesex,None,CPRD_GOLD
n.event,0,1408,568,637,357,219,176,94,99,51,64,39,18,22,15,<10,<10,<10,<10,0,<10,0,Kaplan-Meier,Colorectal,Female,80 +,agesex,None,CPRD_GOLD
n.risk,5435,3968,3206,2199,1628,1210,889,667,463,337,220,160,101,59,38,18,10,<10,<10,0,0,0,Kaplan-Meier,Colorectal,Male,80 +,agesex,None,CPRD_GOLD
n.event,0,1165,544,674,347,225,175,110,105,57,56,22,29,13,10,<10,<10,0,<10,<10,0,0,Kaplan-Meier,Colorectal,Male,80 +,agesex,None,CPRD_GOLD
n.risk,150,140,125,106,87,74,66,55,48,38,33,28,26,24,17,13,10,<10,<10,<10,0,0,Kaplan-Meier,Head_and_neck,Female,18 to 39,agesex,None,CPRD_GOLD
n.event,0,<10,<10,<10,<10,0,<10,0,<10,<10,0,0,0,0,0,0,<10,0,0,0,0,0,Kaplan-Meier,Head_and_neck,Female,18 to 39,agesex,None,CPRD_GOLD
n.risk,158,138,129,100,81,63,55,47,41,35,28,22,17,13,11,<10,<10,<10,<10,<10,<10,0,Kaplan-Meier,Head_and_neck,Male,18 to 39,agesex,None,CPRD_GOLD
n.event,0,<10,<10,12,<10,<10,0,0,0,0,<10,<10,0,0,0,0,0,0,0,0,0,0,Kaplan-Meier,Head_and_neck,Male,18 to 39,agesex,None,CPRD_GOLD
n.risk,294,273,245,209,179,149,123,102,92,72,66,53,44,31,26,14,<10,<10,<10,<10,0,0,Kaplan-Meier,Head_and_neck,Female,40 to 49,agesex,None,CPRD_GOLD
n.event,0,12,14,16,11,<10,<10,<10,<10,<10,0,<10,<10,<10,0,0,0,0,0,0,0,0,Kaplan-Meier,Head_and_neck,Female,40 to 49,agesex,None,CPRD_GOLD
n.risk,680,624,550,454,393,320,268,230,187,140,115,89,65,47,35,25,17,10,<10,<10,<10,0,Kaplan-Meier,Head_and_neck,Male,40 to 49,agesex,None,CPRD_GOLD
n.event,0,21,45,48,20,20,12,<10,<10,<10,<10,<10,0,<10,<10,<10,<10,<10,0,<10,0,0,Kaplan-Meier,Head_and_neck,Male,40 to 49,agesex,None,CPRD_GOLD
n.risk,722,657,592,493,407,354,294,246,207,170,131,107,83,60,48,40,27,16,<10,<10,<10,0,Kaplan-Meier,Head_and_neck,Female,50 to 59,agesex,None,CPRD_GOLD
n.event,0,29,32,43,32,17,16,11,<10,<10,<10,<10,<10,<10,0,<10,0,<10,0,0,0,0,Kaplan-Meier,Head_and_neck,Female,50 to 59,agesex,None,CPRD_GOLD
n.risk,1961,1724,1540,1243,1039,878,736,627,523,427,337,267,193,143,105,74,46,29,15,<10,<10,<10,Kaplan-Meier,Head_and_neck,Male,50 to 59,agesex,None,CPRD_GOLD
n.event,0,124,105,144,78,56,37,20,27,19,18,16,17,<10,<10,<10,<10,<10,0,0,0,0,Kaplan-Meier,Head_and_neck,Male,50 to 59,agesex,None,CPRD_GOLD
n.risk,865,758,657,532,429,358,289,237,203,171,126,104,73,62,38,28,22,11,<10,<10,<10,0,Kaplan-Meier,Head_and_neck,Female,60 to 69,agesex,None,CPRD_GOLD
n.event,0,69,55,66,36,29,13,16,11,<10,14,<10,<10,0,<10,<10,0,<10,<10,0,0,0,Kaplan-Meier,Head_and_neck,Female,60 to 69,agesex,None,CPRD_GOLD
n.risk,2338,2009,1739,1347,1088,910,739,601,489,383,310,228,179,125,88,61,35,15,<10,<10,0,0,Kaplan-Meier,Head_and_neck,Male,60 to 69,agesex,None,CPRD_GOLD
n.event,0,202,180,228,129,67,51,40,28,24,19,19,12,18,<10,<10,<10,<10,<10,<10,0,0,Kaplan-Meier,Head_and_neck,Male,60 to 69,agesex,None,CPRD_GOLD
n.risk,674,545,466,367,299,239,203,161,121,98,70,47,39,25,20,10,<10,<10,<10,<10,<10,0,Kaplan-Meier,Head_and_neck,Female,70 to 79,agesex,None,CPRD_GOLD
n.event,0,88,59,57,29,22,17,14,17,<10,12,13,<10,<10,<10,<10,<10,<10,0,0,0,0,Kaplan-Meier,Head_and_neck,Female,70 to 79,agesex,None,CPRD_GOLD
n.risk,1595,1299,1112,851,660,531,421,329,257,193,143,99,59,41,20,<10,<10,<10,<10,0,0,0,Kaplan-Meier,Head_and_neck,Male,70 to 79,agesex,None,CPRD_GOLD
n.event,0,222,134,162,101,50,48,39,25,16,18,19,15,<10,<10,<10,<10,0,0,<10,0,0,Kaplan-Meier,Head_and_neck,Male,70 to 79,agesex,None,CPRD_GOLD
n.risk,545,391,297,207,160,115,93,69,47,35,18,11,<10,<10,<10,<10,0,0,0,0,0,0,Kaplan-Meier,Head_and_neck,Female,80 +,agesex,None,CPRD_GOLD
n.event,0,122,74,60,23,24,15,14,<10,<10,<10,<10,<10,<10,0,0,<10,0,0,0,0,0,Kaplan-Meier,Head_and_neck,Female,80 +,agesex,None,CPRD_GOLD
n.risk,674,497,391,273,204,142,99,71,50,33,25,20,14,<10,<10,<10,<10,0,0,0,0,0,Kaplan-Meier,Head_and_neck,Male,80 +,agesex,None,CPRD_GOLD
n.event,0,143,79,83,43,38,20,13,12,12,<10,<10,<10,<10,<10,<10,0,0,0,0,0,0,Kaplan-Meier,Head_and_neck,Male,80 +,agesex,None,CPRD_GOLD
n.risk,10,<10,<10,<10,<10,<10,<10,<10,<10,0,0,0,0,0,0,0,0,0,0,0,0,0,Kaplan-Meier,Liver,Female,18 to 39,agesex,None,CPRD_GOLD
n.event,0,<10,<10,<10,0,0,0,0,0,0,0,0,0,0,0,0,0,0,0,0,0,0,Kaplan-Meier,Liver,Female,18 to 39,agesex,None,CPRD_GOLD
n.risk,24,10,<10,<10,<10,<10,<10,<10,<10,0,0,0,0,0,0,0,0,0,0,0,0,0,Kaplan-Meier,Liver,Male,18 to 39,agesex,None,CPRD_GOLD
n.event,0,11,<10,<10,<10,0,0,0,0,0,0,0,0,0,0,0,0,0,0,0,0,0,Kaplan-Meier,Liver,Male,18 to 39,agesex,None,CPRD_GOLD
n.risk,30,20,16,10,10,<10,<10,<10,<10,<10,<10,<10,<10,<10,0,0,0,0,0,0,0,0,Kaplan-Meier,Liver,Female,40 to 49,agesex,None,CPRD_GOLD
n.event,0,<10,<10,<10,0,0,<10,<10,0,0,0,0,0,0,0,0,0,0,0,0,0,0,Kaplan-Meier,Liver,Female,40 to 49,agesex,None,CPRD_GOLD
n.risk,83,58,44,28,22,15,13,12,<10,<10,<10,<10,<10,<10,0,0,0,0,0,0,0,0,Kaplan-Meier,Liver,Male,40 to 49,agesex,None,CPRD_GOLD
n.event,0,23,11,10,<10,<10,<10,<10,0,0,0,0,0,0,0,0,0,0,0,0,0,0,Kaplan-Meier,Liver,Male,40 to 49,agesex,None,CPRD_GOLD
n.risk,104,66,45,30,21,14,13,<10,<10,<10,<10,<10,<10,<10,0,0,0,0,0,0,0,0,Kaplan-Meier,Liver,Female,50 to 59,agesex,None,CPRD_GOLD
n.event,0,33,17,10,<10,<10,<10,0,0,<10,0,0,0,0,0,0,0,0,0,0,0,0,Kaplan-Meier,Liver,Female,50 to 59,agesex,None,CPRD_GOLD
n.risk,343,195,141,82,52,34,25,17,13,11,10,<10,<10,<10,<10,0,0,0,0,0,0,0,Kaplan-Meier,Liver,Male,50 to 59,agesex,None,CPRD_GOLD
n.event,0,123,46,39,15,10,<10,<10,0,<10,0,0,<10,0,0,0,0,0,0,0,0,0,Kaplan-Meier,Liver,Male,50 to 59,agesex,None,CPRD_GOLD
n.risk,183,104,69,41,29,22,17,14,10,<10,<10,<10,<10,<10,0,0,0,0,0,0,0,0,Kaplan-Meier,Liver,Female,60 to 69,agesex,None,CPRD_GOLD
n.event,0,64,27,19,<10,<10,<10,<10,<10,<10,0,0,0,0,0,0,0,0,0,0,0,0,Kaplan-Meier,Liver,Female,60 to 69,agesex,None,CPRD_GOLD
n.risk,641,370,261,144,95,63,41,26,20,15,12,<10,<10,<10,<10,<10,<10,0,0,0,0,0,Kaplan-Meier,Liver,Male,60 to 69,agesex,None,CPRD_GOLD
n.event,0,233,86,86,32,18,10,<10,<10,0,0,<10,<10,0,0,0,0,0,0,0,0,0,Kaplan-Meier,Liver,Male,60 to 69,agesex,None,CPRD_GOLD
n.risk,282,138,81,42,29,23,13,<10,<10,<10,<10,<10,0,0,0,0,0,0,0,0,0,0,Kaplan-Meier,Liver,Female,70 to 79,agesex,None,CPRD_GOLD
n.event,0,122,47,32,11,<10,<10,<10,0,<10,0,<10,0,0,0,0,0,0,0,0,0,0,Kaplan-Meier,Liver,Female,70 to 79,agesex,None,CPRD_GOLD
n.risk,707,354,249,128,83,55,37,30,18,10,<10,<10,<10,<10,<10,0,0,0,0,0,0,0,Kaplan-Meier,Liver,Male,70 to 79,agesex,None,CPRD_GOLD
n.event,0,307,93,88,41,18,15,<10,<10,<10,<10,<10,0,0,0,0,0,0,0,0,0,0,Kaplan-Meier,Liver,Male,70 to 79,agesex,None,CPRD_GOLD
n.risk,226,77,42,17,11,<10,<10,<10,0,0,0,0,0,0,0,0,0,0,0,0,0,0,Kaplan-Meier,Liver,Female,80 +,agesex,None,CPRD_GOLD
n.event,0,125,28,16,<10,<10,<10,<10,<10,0,0,0,0,0,0,0,0,0,0,0,0,0,Kaplan-Meier,Liver,Female,80 +,agesex,None,CPRD_GOLD
n.risk,380,176,103,45,21,<10,<10,<10,0,0,0,0,0,0,0,0,0,0,0,0,0,0,Kaplan-Meier,Liver,Male,80 +,agesex,None,CPRD_GOLD
n.event,0,189,56,43,18,<10,<10,<10,<10,0,0,0,0,0,0,0,0,0,0,0,0,0,Kaplan-Meier,Liver,Male,80 +,agesex,None,CPRD_GOLD
n.risk,52,42,31,21,10,<10,<10,<10,<10,<10,<10,<10,<10,<10,<10,<10,<10,0,0,0,0,0,Kaplan-Meier,Lung,Female,18 to 39,agesex,None,CPRD_GOLD
n.event,0,<10,<10,<10,<10,0,0,0,0,0,0,<10,0,0,0,0,0,0,0,0,0,0,Kaplan-Meier,Lung,Female,18 to 39,agesex,None,CPRD_GOLD
n.risk,63,40,26,20,13,12,10,<10,<10,<10,<10,<10,<10,<10,0,0,0,0,0,0,0,0,Kaplan-Meier,Lung,Male,18 to 39,agesex,None,CPRD_GOLD
n.event,0,18,12,<10,<10,0,0,0,0,0,0,0,0,0,0,0,0,0,0,0,0,0,Kaplan-Meier,Lung,Male,18 to 39,agesex,None,CPRD_GOLD
n.risk,442,286,201,110,61,48,33,26,18,13,11,11,<10,<10,<10,<10,<10,<10,<10,<10,<10,0,Kaplan-Meier,Lung,Female,40 to 49,agesex,None,CPRD_GOLD
n.event,0,134,73,67,32,<10,<10,<10,<10,<10,0,0,0,0,0,0,0,0,0,0,0,0,Kaplan-Meier,Lung,Female,40 to 49,agesex,None,CPRD_GOLD
n.risk,417,255,154,83,59,48,41,32,26,24,16,14,10,10,<10,<10,<10,<10,0,0,0,0,Kaplan-Meier,Lung,Male,40 to 49,agesex,None,CPRD_GOLD
n.event,0,135,84,56,17,<10,<10,<10,<10,0,<10,<10,<10,0,0,<10,0,0,0,0,0,0,Kaplan-Meier,Lung,Male,40 to 49,agesex,None,CPRD_GOLD
n.risk,1833,1173,787,462,314,237,181,146,110,91,70,51,40,33,23,15,<10,<10,<10,<10,<10,0,Kaplan-Meier,Lung,Female,50 to 59,agesex,None,CPRD_GOLD
n.event,0,561,328,262,93,43,25,13,14,<10,<10,<10,<10,0,<10,0,0,0,0,0,0,0,Kaplan-Meier,Lung,Female,50 to 59,agesex,None,CPRD_GOLD
n.risk,1944,1069,643,327,208,169,136,114,91,73,54,38,31,20,18,17,12,<10,<10,0,0,0,Kaplan-Meier,Lung,Male,50 to 59,agesex,None,CPRD_GOLD
n.event,0,764,366,249,86,22,16,<10,<10,<10,10,<10,<10,<10,0,<10,0,<10,0,<10,0,0,Kaplan-Meier,Lung,Male,50 to 59,agesex,None,CPRD_GOLD
n.risk,4352,2659,1799,1016,690,505,367,272,196,150,111,72,52,39,30,19,10,<10,<10,<10,<10,0,Kaplan-Meier,Lung,Female,60 to 69,agesex,None,CPRD_GOLD
n.event,0,1485,736,617,205,107,66,40,33,17,<10,15,<10,<10,<10,<10,<10,<10,0,0,0,0,Kaplan-Meier,Lung,Female,60 to 69,agesex,None,CPRD_GOLD
n.risk,5377,3036,1871,989,640,475,348,254,191,141,102,76,59,32,25,14,<10,<10,<10,<10,0,0,Kaplan-Meier,Lung,Male,60 to 69,agesex,None,CPRD_GOLD
n.event,0,2094,1006,728,243,108,62,42,30,14,16,<10,<10,<10,<10,<10,<10,0,0,0,0,0,Kaplan-Meier,Lung,Male,60 to 69,agesex,None,CPRD_GOLD
n.risk,5782,3144,2074,1112,722,506,348,257,188,151,99,63,39,29,18,<10,<10,<10,<10,0,0,0,Kaplan-Meier,Lung,Female,70 to 79,agesex,None,CPRD_GOLD
n.event,0,2334,894,711,249,103,91,43,33,10,18,15,<10,<10,<10,<10,<10,0,<10,0,0,0,Kaplan-Meier,Lung,Female,70 to 79,agesex,None,CPRD_GOLD
n.risk,7079,3565,2168,1100,666,418,287,199,141,106,74,46,29,18,13,<10,<10,<10,<10,<10,<10,0,Kaplan-Meier,Lung,Male,70 to 79,agesex,None,CPRD_GOLD
n.event,0,3165,1225,869,328,150,73,45,26,21,18,12,<10,<10,<10,<10,<10,0,0,0,0,0,Kaplan-Meier,Lung,Male,70 to 79,agesex,None,CPRD_GOLD
n.risk,3861,1700,1017,454,243,147,79,50,28,18,10,<10,<10,<10,<10,<10,0,0,0,0,0,0,Kaplan-Meier,Lung,Female,80 +,agesex,None,CPRD_GOLD
n.event,0,1886,550,404,139,54,37,15,11,<10,<10,<10,<10,<10,0,0,<10,0,0,0,0,0,Kaplan-Meier,Lung,Female,80 +,agesex,None,CPRD_GOLD
n.risk,4103,1613,897,388,192,112,73,47,23,16,<10,<10,<10,<10,0,0,0,0,0,0,0,0,Kaplan-Meier,Lung,Male,80 +,agesex,None,CPRD_GOLD
n.event,0,2241,608,400,144,48,27,18,11,<10,<10,<10,<10,<10,<10,0,0,0,0,0,0,0,Kaplan-Meier,Lung,Male,80 +,agesex,None,CPRD_GOLD
n.risk,14,<10,<10,<10,<10,<10,<10,<10,<10,<10,<10,<10,<10,0,0,0,0,0,0,0,0,0,Kaplan-Meier,Pancreatic,Female,18 to 39,agesex,None,CPRD_GOLD
n.event,0,<10,0,<10,0,<10,0,0,0,0,0,0,0,0,0,0,0,0,0,0,0,0,Kaplan-Meier,Pancreatic,Female,18 to 39,agesex,None,CPRD_GOLD
n.risk,23,11,10,<10,<10,<10,<10,<10,<10,<10,<10,<10,0,0,0,0,0,0,0,0,0,0,Kaplan-Meier,Pancreatic,Male,18 to 39,agesex,None,CPRD_GOLD
n.event,0,12,0,<10,0,0,0,0,0,0,0,0,0,0,0,0,0,0,0,0,0,0,Kaplan-Meier,Pancreatic,Male,18 to 39,agesex,None,CPRD_GOLD
n.risk,122,68,45,28,19,16,12,<10,<10,<10,<10,<10,<10,<10,<10,<10,<10,0,0,0,0,0,Kaplan-Meier,Pancreatic,Female,40 to 49,agesex,None,CPRD_GOLD
n.event,0,44,19,15,<10,<10,<10,<10,0,0,<10,0,0,0,0,0,0,0,0,0,0,0,Kaplan-Meier,Pancreatic,Female,40 to 49,agesex,None,CPRD_GOLD
n.risk,149,93,55,35,25,15,13,<10,<10,<10,<10,<10,<10,<10,<10,<10,<10,<10,0,0,0,0,Kaplan-Meier,Pancreatic,Male,40 to 49,agesex,None,CPRD_GOLD
n.event,0,48,35,17,<10,<10,0,<10,0,<10,0,0,0,0,0,0,0,0,0,0,0,0,Kaplan-Meier,Pancreatic,Male,40 to 49,agesex,None,CPRD_GOLD
n.risk,424,236,132,65,44,32,27,19,14,<10,<10,<10,<10,<10,0,0,0,0,0,0,0,0,Kaplan-Meier,Pancreatic,Female,50 to 59,agesex,None,CPRD_GOLD
n.event,0,168,86,51,15,<10,<10,<10,<10,<10,0,<10,<10,<10,0,0,0,0,0,0,0,0,Kaplan-Meier,Pancreatic,Female,50 to 59,agesex,None,CPRD_GOLD
n.risk,524,250,153,72,49,31,26,23,17,15,12,<10,<10,<10,<10,<10,<10,0,0,0,0,0,Kaplan-Meier,Pancreatic,Male,50 to 59,agesex,None,CPRD_GOLD
n.event,0,247,87,70,19,11,<10,<10,<10,0,<10,<10,<10,0,0,0,0,0,0,0,0,0,Kaplan-Meier,Pancreatic,Male,50 to 59,agesex,None,CPRD_GOLD
n.risk,919,400,220,92,49,31,23,20,15,11,<10,<10,<10,<10,<10,<10,<10,0,0,0,0,0,Kaplan-Meier,Pancreatic,Female,60 to 69,agesex,None,CPRD_GOLD
n.event,0,468,167,111,32,<10,<10,<10,<10,<10,<10,0,0,0,0,0,<10,0,0,0,0,0,Kaplan-Meier,Pancreatic,Female,60 to 69,agesex,None,CPRD_GOLD
n.risk,1164,529,295,132,82,59,47,37,31,27,22,12,10,<10,<10,<10,<10,<10,<10,0,0,0,Kaplan-Meier,Pancreatic,Male,60 to 69,agesex,None,CPRD_GOLD
n.event,0,558,206,143,41,13,<10,<10,<10,<10,<10,0,<10,<10,0,0,0,0,0,0,0,0,Kaplan-Meier,Pancreatic,Male,60 to 69,agesex,None,CPRD_GOLD
n.risk,1299,496,264,109,68,47,35,26,20,19,14,13,<10,<10,<10,<10,<10,0,0,0,0,0,Kaplan-Meier,Pancreatic,Female,70 to 79,agesex,None,CPRD_GOLD
n.event,0,723,201,120,34,13,<10,<10,<10,0,0,<10,<10,0,0,<10,<10,0,0,0,0,0,Kaplan-Meier,Pancreatic,Female,70 to 79,agesex,None,CPRD_GOLD
n.risk,1291,501,273,98,52,36,32,24,14,12,12,10,<10,<10,<10,<10,<10,0,0,0,0,0,Kaplan-Meier,Pancreatic,Male,70 to 79,agesex,None,CPRD_GOLD
n.event,0,727,204,142,38,12,<10,<10,<10,<10,0,0,<10,0,0,<10,0,<10,0,0,0,0,Kaplan-Meier,Pancreatic,Male,70 to 79,agesex,None,CPRD_GOLD
n.risk,1322,337,177,77,43,24,18,10,<10,<10,<10,<10,<10,<10,<10,0,0,0,0,0,0,0,Kaplan-Meier,Pancreatic,Female,80 +,agesex,None,CPRD_GOLD
n.event,0,888,137,76,25,10,<10,<10,<10,<10,0,0,0,0,<10,0,0,0,0,0,0,0,Kaplan-Meier,Pancreatic,Female,80 +,agesex,None,CPRD_GOLD
n.risk,808,207,101,34,19,12,<10,<10,<10,<10,<10,<10,<10,<10,<10,0,0,0,0,0,0,0,Kaplan-Meier,Pancreatic,Male,80 +,agesex,None,CPRD_GOLD
n.event,0,554,94,58,13,<10,<10,<10,<10,0,0,0,0,0,0,0,0,0,0,0,0,0,Kaplan-Meier,Pancreatic,Male,80 +,agesex,None,CPRD_GOLD
n.risk,40,26,18,11,<10,<10,<10,<10,<10,<10,<10,<10,<10,<10,<10,0,0,0,0,0,0,0,Kaplan-Meier,Stomach,Female,18 to 39,agesex,None,CPRD_GOLD
n.event,0,<10,<10,<10,<10,<10,0,0,0,0,0,0,0,<10,0,0,0,0,0,0,0,0,Kaplan-Meier,Stomach,Female,18 to 39,agesex,None,CPRD_GOLD
n.risk,39,26,17,14,12,<10,<10,<10,<10,<10,<10,<10,<10,0,0,0,0,0,0,0,0,0,Kaplan-Meier,Stomach,Male,18 to 39,agesex,None,CPRD_GOLD
n.event,0,11,<10,<10,<10,<10,0,0,0,<10,<10,0,0,0,0,0,0,0,0,0,0,0,Kaplan-Meier,Stomach,Male,18 to 39,agesex,None,CPRD_GOLD
n.risk,98,57,42,25,18,13,10,<10,<10,<10,<10,<10,<10,<10,<10,0,0,0,0,0,0,0,Kaplan-Meier,Stomach,Female,40 to 49,agesex,None,CPRD_GOLD
n.event,0,37,13,10,<10,0,<10,0,0,0,0,0,0,0,0,0,0,0,0,0,0,0,Kaplan-Meier,Stomach,Female,40 to 49,agesex,None,CPRD_GOLD
n.risk,105,70,44,28,17,15,13,11,10,<10,<10,<10,<10,<10,<10,<10,<10,<10,<10,<10,<10,<10,Kaplan-Meier,Stomach,Male,40 to 49,agesex,None,CPRD_GOLD
n.event,0,30,22,13,<10,<10,<10,<10,0,0,0,0,0,0,0,0,0,0,0,0,0,0,Kaplan-Meier,Stomach,Male,40 to 49,agesex,None,CPRD_GOLD
n.risk,169,108,79,56,40,31,23,19,17,13,11,<10,<10,<10,<10,<10,<10,<10,<10,0,0,0,Kaplan-Meier,Stomach,Female,50 to 59,agesex,None,CPRD_GOLD
n.event,0,49,26,19,11,<10,<10,<10,<10,0,0,<10,<10,0,0,0,0,0,0,0,0,0,Kaplan-Meier,Stomach,Female,50 to 59,agesex,None,CPRD_GOLD
n.risk,332,218,152,88,67,54,46,39,38,32,29,25,22,16,15,12,<10,<10,0,0,0,0,Kaplan-Meier,Stomach,Male,50 to 59,agesex,None,CPRD_GOLD
n.event,0,94,58,53,<10,<10,<10,<10,0,<10,0,<10,0,<10,0,<10,<10,0,0,0,0,0,Kaplan-Meier,Stomach,Male,50 to 59,agesex,None,CPRD_GOLD
n.risk,313,199,145,100,80,71,55,47,40,33,26,17,15,10,<10,<10,<10,0,0,0,0,0,Kaplan-Meier,Stomach,Female,60 to 69,agesex,None,CPRD_GOLD
n.event,0,101,44,40,13,<10,<10,<10,<10,<10,0,<10,0,0,0,<10,<10,<10,0,0,0,0,Kaplan-Meier,Stomach,Female,60 to 69,agesex,None,CPRD_GOLD
n.risk,798,506,358,218,159,120,97,82,69,59,54,36,28,23,16,14,11,<10,<10,<10,<10,0,Kaplan-Meier,Stomach,Male,60 to 69,agesex,None,CPRD_GOLD
n.event,0,261,134,124,38,21,12,10,<10,<10,<10,<10,<10,0,<10,0,<10,<10,0,0,0,0,Kaplan-Meier,Stomach,Male,60 to 69,agesex,None,CPRD_GOLD
n.risk,715,418,294,176,128,102,84,65,48,44,34,25,20,15,11,<10,<10,<10,<10,0,0,0,Kaplan-Meier,Stomach,Female,70 to 79,agesex,None,CPRD_GOLD
n.event,0,272,109,94,33,18,<10,12,<10,<10,<10,<10,0,0,<10,<10,<10,0,0,0,0,0,Kaplan-Meier,Stomach,Female,70 to 79,agesex,None,CPRD_GOLD
n.risk,1439,869,601,333,242,198,168,134,101,73,54,37,27,17,11,<10,<10,<10,<10,<10,<10,0,Kaplan-Meier,Stomach,Male,70 to 79,agesex,None,CPRD_GOLD
n.event,0,517,242,218,69,31,16,17,11,13,<10,<10,<10,<10,<10,0,<10,0,0,0,0,0,Kaplan-Meier,Stomach,Male,70 to 79,agesex,None,CPRD_GOLD
n.risk,888,417,275,148,98,64,47,35,24,15,12,<10,<10,0,0,0,0,0,0,0,0,0,Kaplan-Meier,Stomach,Female,80 +,agesex,None,CPRD_GOLD
n.event,0,409,126,108,35,18,11,<10,<10,<10,<10,<10,<10,0,0,0,0,0,0,0,0,0,Kaplan-Meier,Stomach,Female,80 +,agesex,None,CPRD_GOLD
n.risk,1076,531,304,151,87,57,41,31,20,15,<10,<10,<10,0,0,0,0,0,0,0,0,0,Kaplan-Meier,Stomach,Male,80 +,agesex,None,CPRD_GOLD
n.event,0,478,196,126,48,18,14,<10,<10,<10,<10,<10,<10,0,0,0,0,0,0,0,0,0,Kaplan-Meier,Stomach,Male,80 +,agesex,None,CPRD_GOLD
