"","trisk","df","logLik","AIC","BIC","Method","Cancer","Age","Sex","Database"
"1",445377,2,-73200.666,146405.332,146423.87,"Gompertz","Breast","All","Both","CPRD_GOLD"
"2",445377,2,-73229.481,146462.961,146481.499,"WeibullPH","Breast","All","Both","CPRD_GOLD"
"3",445377,1,-73422.65,146847.3,146856.568,"Exponential","Breast","All","Both","CPRD_GOLD"
"4",445377,2,-73187.223,146378.446,146396.983,"Log-logistic","Breast","All","Both","CPRD_GOLD"
"5",445377,2,-73453.379,146910.757,146929.295,"Log-normal","Breast","All","Both","CPRD_GOLD"
"6",445377,3,-73187.326,146380.653,146408.46,"Generalised Gamma","Breast","All","Both","CPRD_GOLD"
"7",445377,3,-73189.809,146385.618,146413.425,"Spline (1 knot)","Breast","All","Both","CPRD_GOLD"
"8",445377,5,-73171.384,146352.768,146399.113,"Spline (3 knots)","Breast","All","Both","CPRD_GOLD"
"9",179101,2,-64277.999,128559.998,128577.455,"Gompertz","Colorectal","All","Both","CPRD_GOLD"
"10",179101,2,-63944.243,127892.486,127909.943,"WeibullPH","Colorectal","All","Both","CPRD_GOLD"
"11",179101,1,-66942.029,133886.059,133894.787,"Exponential","Colorectal","All","Both","CPRD_GOLD"
"12",179101,2,-63608.024,127220.048,127237.506,"Log-logistic","Colorectal","All","Both","CPRD_GOLD"
"13",179101,2,-63445.619,126895.239,126912.696,"Log-normal","Colorectal","All","Both","CPRD_GOLD"
"14",179101,3,-63434.897,126875.795,126901.981,"Generalised Gamma","Colorectal","All","Both","CPRD_GOLD"
"15",179101,3,-63452.405,126910.811,126936.996,"Spline (1 knot)","Colorectal","All","Both","CPRD_GOLD"
"16",179101,5,-63411.674,126833.347,126876.99,"Spline (3 knots)","Colorectal","All","Both","CPRD_GOLD"
"17",43367,2,-14573.977,29151.953,29166.501,"Gompertz","Head_and_neck","All","Both","CPRD_GOLD"
"18",43367,2,-14556.064,29116.128,29130.676,"WeibullPH","Head_and_neck","All","Both","CPRD_GOLD"
"19",43367,1,-14976.774,29955.549,29962.822,"Exponential","Head_and_neck","All","Both","CPRD_GOLD"
"20",43367,2,-14484.292,28972.583,28987.131,"Log-logistic","Head_and_neck","All","Both","CPRD_GOLD"
"21",43367,2,-14430.565,28865.131,28879.679,"Log-normal","Head_and_neck","All","Both","CPRD_GOLD"
"22",43367,3,-14430.316,28866.632,28888.454,"Generalised Gamma","Head_and_neck","All","Both","CPRD_GOLD"
"23",43367,3,-14425.349,28856.698,28878.52,"Spline (1 knot)","Head_and_neck","All","Both","CPRD_GOLD"
"24",43367,5,-14403.788,28817.576,28853.945,"Spline (3 knots)","Head_and_neck","All","Both","CPRD_GOLD"
"25",3955,2,-3060.087,6124.174,6136.196,"Gompertz","Liver","All","Both","CPRD_GOLD"
"26",3955,2,-3113.791,6231.582,6243.604,"WeibullPH","Liver","All","Both","CPRD_GOLD"
"27",3955,1,-3554.173,7110.346,7116.357,"Exponential","Liver","All","Both","CPRD_GOLD"
"28",3955,2,-2990.001,5984.003,5996.024,"Log-logistic","Liver","All","Both","CPRD_GOLD"
"29",3955,2,-2972.051,5948.103,5960.124,"Log-normal","Liver","All","Both","CPRD_GOLD"
"30",3955,3,-2971.202,5948.403,5966.435,"Generalised Gamma","Liver","All","Both","CPRD_GOLD"
"31",3955,3,-2976.816,5959.632,5977.664,"Spline (1 knot)","Liver","All","Both","CPRD_GOLD"
"32",3955,5,-2969.741,5949.482,5979.535,"Spline (3 knots)","Liver","All","Both","CPRD_GOLD"
"33",44615,2,-35566.876,71137.752,71154.696,"Gompertz","Lung","All","Both","CPRD_GOLD"
"34",44615,2,-36860.539,73725.079,73742.022,"WeibullPH","Lung","All","Both","CPRD_GOLD"
"35",44615,1,-41225.299,82452.599,82461.071,"Exponential","Lung","All","Both","CPRD_GOLD"
"36",44615,2,-34980.11,69964.22,69981.164,"Log-logistic","Lung","All","Both","CPRD_GOLD"
"37",44615,2,-34992.692,69989.383,70006.327,"Log-normal","Lung","All","Both","CPRD_GOLD"
"38",44615,3,-34992.155,69990.31,70015.725,"Generalised Gamma","Lung","All","Both","CPRD_GOLD"
"39",44615,3,-34923.071,69852.142,69877.558,"Spline (1 knot)","Lung","All","Both","CPRD_GOLD"
"40",44615,5,-34844.812,69699.625,69741.984,"Spline (3 knots)","Lung","All","Both","CPRD_GOLD"
"41",6904,2,-5254.155,10512.31,10526.299,"Gompertz","Pancreatic","All","Both","CPRD_GOLD"
"42",6904,2,-5790.548,11585.097,11599.086,"WeibullPH","Pancreatic","All","Both","CPRD_GOLD"
"43",6904,1,-6904.025,13810.051,13817.045,"Exponential","Pancreatic","All","Both","CPRD_GOLD"
"44",6904,2,-5124.331,10252.661,10266.65,"Log-logistic","Pancreatic","All","Both","CPRD_GOLD"
"45",6904,2,-5144.589,10293.177,10307.166,"Log-normal","Pancreatic","All","Both","CPRD_GOLD"
"46",6904,3,-5135.429,10276.858,10297.842,"Generalised Gamma","Pancreatic","All","Both","CPRD_GOLD"
"47",6904,3,-5100.593,10207.186,10228.17,"Spline (1 knot)","Pancreatic","All","Both","CPRD_GOLD"
"48",6904,5,-5088.749,10187.497,10222.47,"Spline (3 knots)","Pancreatic","All","Both","CPRD_GOLD"
"49",277109,2,-66346.467,132696.934,132714.853,"Gompertz","Prostate","All","Male","CPRD_GOLD"
"50",277109,2,-66342.541,132689.083,132707.002,"WeibullPH","Prostate","All","Male","CPRD_GOLD"
"51",277109,1,-66348.71,132699.42,132708.38,"Exponential","Prostate","All","Male","CPRD_GOLD"
"52",277109,2,-66450.32,132904.639,132922.559,"Log-logistic","Prostate","All","Male","CPRD_GOLD"
"53",277109,2,-66982.837,133969.674,133987.593,"Log-normal","Prostate","All","Male","CPRD_GOLD"
"54",277109,3,-66342.462,132690.924,132717.803,"Generalised Gamma","Prostate","All","Male","CPRD_GOLD"
"55",277109,3,-66340.641,132687.281,132714.161,"Spline (1 knot)","Prostate","All","Male","CPRD_GOLD"
"56",277109,5,-66318.718,132647.436,132692.236,"Spline (3 knots)","Prostate","All","Male","CPRD_GOLD"
"57",10334,2,-7064.099,14132.197,14145.6,"Gompertz","Stomach","All","Both","CPRD_GOLD"
"58",10334,2,-7395.82,14795.64,14809.043,"WeibullPH","Stomach","All","Both","CPRD_GOLD"
"59",10334,1,-8423.387,16848.774,16855.475,"Exponential","Stomach","All","Both","CPRD_GOLD"
"60",10334,2,-6978.378,13960.756,13974.159,"Log-logistic","Stomach","All","Both","CPRD_GOLD"
"61",10334,2,-6973.909,13951.817,13965.22,"Log-normal","Stomach","All","Both","CPRD_GOLD"
"62",10334,3,-6953.738,13913.476,13933.581,"Generalised Gamma","Stomach","All","Both","CPRD_GOLD"
"63",10334,3,-6918.76,13843.519,13863.624,"Spline (1 knot)","Stomach","All","Both","CPRD_GOLD"
"64",10334,5,-6900.807,13811.614,13845.122,"Spline (3 knots)","Stomach","All","Both","CPRD_GOLD"
"65",443165,2,-72642.991,145289.983,145308.509,"Gompertz","Breast","All","Female","CPRD_GOLD"
"66",443165,2,-72671.03,145346.059,145364.586,"WeibullPH","Breast","All","Female","CPRD_GOLD"
"67",443165,1,-72865.544,145733.089,145742.352,"Exponential","Breast","All","Female","CPRD_GOLD"
"68",443165,2,-72629.131,145262.261,145280.788,"Log-logistic","Breast","All","Female","CPRD_GOLD"
"69",443165,2,-72890.68,145785.36,145803.886,"Log-normal","Breast","All","Female","CPRD_GOLD"
"70",443165,3,-72628.978,145263.955,145291.745,"Generalised Gamma","Breast","All","Female","CPRD_GOLD"
"71",443165,3,-72631.309,145268.618,145296.407,"Spline (1 knot)","Breast","All","Female","CPRD_GOLD"
"72",443165,5,-72613.108,145236.215,145282.531,"Spline (3 knots)","Breast","All","Female","CPRD_GOLD"
"73",2212,2,-540.134,1084.267,1092.463,"Gompertz","Breast","All","Male","CPRD_GOLD"
"74",2212,2,-540.081,1084.162,1092.358,"WeibullPH","Breast","All","Male","CPRD_GOLD"
"75",2212,1,-540.139,1082.278,1086.376,"Exponential","Breast","All","Male","CPRD_GOLD"
"76",2212,2,-540.22,1084.439,1092.635,"Log-logistic","Breast","All","Male","CPRD_GOLD"
"77",2212,2,-546.159,1096.318,1104.514,"Log-normal","Breast","All","Male","CPRD_GOLD"
"78",2212,3,-539.994,1085.988,1098.282,"Generalised Gamma","Breast","All","Male","CPRD_GOLD"
"79",2212,3,-540.068,1086.137,1098.431,"Spline (1 knot)","Breast","All","Male","CPRD_GOLD"
"80",2212,5,-539.676,1089.351,1109.842,"Spline (3 knots)","Breast","All","Male","CPRD_GOLD"
"81",80291,2,-28034.49,56072.981,56088.828,"Gompertz","Colorectal","All","Female","CPRD_GOLD"
"82",80291,2,-27779.317,55562.634,55578.482,"WeibullPH","Colorectal","All","Female","CPRD_GOLD"
"83",80291,1,-29401.391,58804.783,58812.707,"Exponential","Colorectal","All","Female","CPRD_GOLD"
"84",80291,2,-27622.142,55248.284,55264.131,"Log-logistic","Colorectal","All","Female","CPRD_GOLD"
"85",80291,2,-27506,55016,55031.848,"Log-normal","Colorectal","All","Female","CPRD_GOLD"
"86",80291,3,-27505.92,55017.84,55041.611,"Generalised Gamma","Colorectal","All","Female","CPRD_GOLD"
"87",80291,3,-27516.449,55038.898,55062.669,"Spline (1 knot)","Colorectal","All","Female","CPRD_GOLD"
"88",80291,5,-27483.382,54976.764,55016.383,"Spline (3 knots)","Colorectal","All","Female","CPRD_GOLD"
"89",98810,2,-36219.43,72442.86,72459.132,"Gompertz","Colorectal","All","Male","CPRD_GOLD"
"90",98810,2,-36134.411,72272.822,72289.094,"WeibullPH","Colorectal","All","Male","CPRD_GOLD"
"91",98810,1,-37532.973,75067.945,75076.081,"Exponential","Colorectal","All","Male","CPRD_GOLD"
"92",98810,2,-35950.723,71905.446,71921.718,"Log-logistic","Colorectal","All","Male","CPRD_GOLD"
"93",98810,2,-35905.349,71814.698,71830.97,"Log-normal","Colorectal","All","Male","CPRD_GOLD"
"94",98810,3,-35885.553,71777.106,71801.514,"Generalised Gamma","Colorectal","All","Male","CPRD_GOLD"
"95",98810,3,-35893.156,71792.311,71816.719,"Spline (1 knot)","Colorectal","All","Male","CPRD_GOLD"
"96",98810,5,-35880.553,71771.106,71811.786,"Spline (3 knots)","Colorectal","All","Male","CPRD_GOLD"
"97",13624,2,-4322.905,8649.81,8661.983,"Gompertz","Head_and_neck","All","Female","CPRD_GOLD"
"98",13624,2,-4314.677,8633.354,8645.526,"WeibullPH","Head_and_neck","All","Female","CPRD_GOLD"
"99",13624,1,-4461.62,8925.24,8931.326,"Exponential","Head_and_neck","All","Female","CPRD_GOLD"
"100",13624,2,-4293.039,8590.077,8602.25,"Log-logistic","Head_and_neck","All","Female","CPRD_GOLD"
"101",13624,2,-4270.652,8545.303,8557.476,"Log-normal","Head_and_neck","All","Female","CPRD_GOLD"
"102",13624,3,-4269.931,8545.862,8564.121,"Generalised Gamma","Head_and_neck","All","Female","CPRD_GOLD"
"103",13624,3,-4271.912,8549.825,8568.084,"Spline (1 knot)","Head_and_neck","All","Female","CPRD_GOLD"
"104",13624,5,-4260.595,8531.189,8561.621,"Spline (3 knots)","Head_and_neck","All","Female","CPRD_GOLD"
"105",29743,2,-10246.344,20496.689,20510.509,"Gompertz","Head_and_neck","All","Male","CPRD_GOLD"
"106",29743,2,-10235.62,20475.24,20489.06,"WeibullPH","Head_and_neck","All","Male","CPRD_GOLD"
"107",29743,1,-10509.328,21020.655,21027.566,"Exponential","Head_and_neck","All","Male","CPRD_GOLD"
"108",29743,2,-10185.97,20375.941,20389.761,"Log-logistic","Head_and_neck","All","Male","CPRD_GOLD"
"109",29743,2,-10155.315,20314.63,20328.45,"Log-normal","Head_and_neck","All","Male","CPRD_GOLD"
"110",29743,3,-10154.012,20314.024,20334.754,"Generalised Gamma","Head_and_neck","All","Male","CPRD_GOLD"
"111",29743,3,-10148.515,20303.03,20323.76,"Spline (1 knot)","Head_and_neck","All","Male","CPRD_GOLD"
"112",29743,5,-10135.649,20281.299,20315.849,"Spline (3 knots)","Head_and_neck","All","Male","CPRD_GOLD"
"113",1060,2,-780.782,1565.564,1575.019,"Gompertz","Liver","All","Female","CPRD_GOLD"
"114",1060,2,-810.51,1625.02,1634.475,"WeibullPH","Liver","All","Female","CPRD_GOLD"
"115",1060,1,-959.488,1920.976,1925.703,"Exponential","Liver","All","Female","CPRD_GOLD"
"116",1060,2,-760.706,1525.411,1534.866,"Log-logistic","Liver","All","Female","CPRD_GOLD"
"117",1060,2,-755.429,1514.858,1524.313,"Log-normal","Liver","All","Female","CPRD_GOLD"
"118",1060,3,-752.062,1510.124,1524.306,"Generalised Gamma","Liver","All","Female","CPRD_GOLD"
"119",1060,3,-752.384,1510.767,1524.95,"Spline (1 knot)","Liver","All","Female","CPRD_GOLD"
"120",1060,5,-749.461,1508.922,1532.559,"Spline (3 knots)","Liver","All","Female","CPRD_GOLD"
"121",2895,2,-2275.876,4555.751,4567.124,"Gompertz","Liver","All","Male","CPRD_GOLD"
"122",2895,2,-2301.93,4607.86,4619.233,"WeibullPH","Liver","All","Male","CPRD_GOLD"
"123",2895,1,-2594.51,5191.02,5196.706,"Exponential","Liver","All","Male","CPRD_GOLD"
"124",2895,2,-2227.362,4458.725,4470.097,"Log-logistic","Liver","All","Male","CPRD_GOLD"
"125",2895,2,-2215.528,4435.055,4446.427,"Log-normal","Liver","All","Male","CPRD_GOLD"
"126",2895,3,-2215.523,4437.046,4454.104,"Generalised Gamma","Liver","All","Male","CPRD_GOLD"
"127",2895,3,-2220.004,4446.008,4463.067,"Spline (1 knot)","Liver","All","Male","CPRD_GOLD"
"128",2895,5,-2215.441,4440.881,4469.312,"Spline (3 knots)","Liver","All","Male","CPRD_GOLD"
"129",22591,2,-17410.885,34825.771,34841.171,"Gompertz","Lung","All","Female","CPRD_GOLD"
"130",22591,2,-17925.802,35855.605,35871.005,"WeibullPH","Lung","All","Female","CPRD_GOLD"
"131",22591,1,-20003.048,40008.097,40015.797,"Exponential","Lung","All","Female","CPRD_GOLD"
"132",22591,2,-17127.281,34258.562,34273.963,"Log-logistic","Lung","All","Female","CPRD_GOLD"
"133",22591,2,-17090.291,34184.581,34199.982,"Log-normal","Lung","All","Female","CPRD_GOLD"
"134",22591,3,-17086.663,34179.327,34202.427,"Generalised Gamma","Lung","All","Female","CPRD_GOLD"
"135",22591,3,-17077.867,34161.733,34184.834,"Spline (1 knot)","Lung","All","Female","CPRD_GOLD"
"136",22591,5,-17033.004,34076.008,34114.509,"Spline (3 knots)","Lung","All","Female","CPRD_GOLD"
"137",22024,2,-18039.337,36082.674,36098.377,"Gompertz","Lung","All","Male","CPRD_GOLD"
"138",22024,2,-18803.565,37611.13,37626.832,"WeibullPH","Lung","All","Male","CPRD_GOLD"
"139",22024,1,-21019.017,42040.035,42047.886,"Exponential","Lung","All","Male","CPRD_GOLD"
"140",22024,2,-17744.748,35493.496,35509.198,"Log-logistic","Lung","All","Male","CPRD_GOLD"
"141",22024,2,-17798.264,35600.528,35616.23,"Log-normal","Lung","All","Male","CPRD_GOLD"
"142",22024,3,-17796.701,35599.403,35622.957,"Generalised Gamma","Lung","All","Male","CPRD_GOLD"
"143",22024,3,-17741.765,35489.53,35513.084,"Spline (1 knot)","Lung","All","Male","CPRD_GOLD"
"144",22024,5,-17699.553,35409.105,35448.362,"Spline (3 knots)","Lung","All","Male","CPRD_GOLD"
"145",3405,2,-2567.489,5138.979,5151.616,"Gompertz","Pancreatic","All","Female","CPRD_GOLD"
"146",3405,2,-2845.132,5694.264,5706.902,"WeibullPH","Pancreatic","All","Female","CPRD_GOLD"
"147",3405,1,-3404.305,6810.609,6816.928,"Exponential","Pancreatic","All","Female","CPRD_GOLD"
"148",3405,2,-2489.188,4982.376,4995.014,"Log-logistic","Pancreatic","All","Female","CPRD_GOLD"
"149",3405,2,-2505.325,5014.65,5027.288,"Log-normal","Pancreatic","All","Female","CPRD_GOLD"
"150",3405,3,-2499.673,5005.346,5024.302,"Generalised Gamma","Pancreatic","All","Female","CPRD_GOLD"
"151",3405,3,-2473.288,4952.575,4971.532,"Spline (1 knot)","Pancreatic","All","Female","CPRD_GOLD"
"152",3405,5,-2471.367,4952.735,4984.328,"Spline (3 knots)","Pancreatic","All","Female","CPRD_GOLD"
"153",3499,2,-2685.51,5375.021,5387.588,"Gompertz","Pancreatic","All","Male","CPRD_GOLD"
"154",3499,2,-2944.574,5893.149,5905.716,"WeibullPH","Pancreatic","All","Male","CPRD_GOLD"
"155",3499,1,-3497.698,6997.396,7003.68,"Exponential","Pancreatic","All","Male","CPRD_GOLD"
"156",3499,2,-2633.87,5271.741,5284.308,"Log-logistic","Pancreatic","All","Male","CPRD_GOLD"
"157",3499,2,-2638.52,5281.041,5293.608,"Log-normal","Pancreatic","All","Male","CPRD_GOLD"
"158",3499,3,-2634.986,5275.973,5294.824,"Generalised Gamma","Pancreatic","All","Male","CPRD_GOLD"
"159",3499,3,-2626.004,5258.009,5276.86,"Spline (1 knot)","Pancreatic","All","Male","CPRD_GOLD"
"160",3499,5,-2610.947,5231.894,5263.313,"Spline (3 knots)","Pancreatic","All","Male","CPRD_GOLD"
"161",3825,2,-2551.321,5106.643,5118.056,"Gompertz","Stomach","All","Female","CPRD_GOLD"
"162",3825,2,-2641.576,5287.153,5298.566,"WeibullPH","Stomach","All","Female","CPRD_GOLD"
"163",3825,1,-3088.226,6178.452,6184.159,"Exponential","Stomach","All","Female","CPRD_GOLD"
"164",3825,2,-2499.741,5003.481,5014.894,"Log-logistic","Stomach","All","Female","CPRD_GOLD"
"165",3825,2,-2492.585,4989.17,5000.583,"Log-normal","Stomach","All","Female","CPRD_GOLD"
"166",3825,3,-2483.554,4973.108,4990.228,"Generalised Gamma","Stomach","All","Female","CPRD_GOLD"
"167",3825,3,-2473.686,4953.371,4970.491,"Spline (1 knot)","Stomach","All","Female","CPRD_GOLD"
"168",3825,5,-2470.415,4950.83,4979.363,"Spline (3 knots)","Stomach","All","Female","CPRD_GOLD"
"169",6509,2,-4509.479,9022.959,9035.438,"Gompertz","Stomach","All","Male","CPRD_GOLD"
"170",6509,2,-4749.609,9503.218,9515.698,"WeibullPH","Stomach","All","Male","CPRD_GOLD"
"171",6509,1,-5334.53,10671.059,10677.299,"Exponential","Stomach","All","Male","CPRD_GOLD"
"172",6509,2,-4469.798,8943.596,8956.076,"Log-logistic","Stomach","All","Male","CPRD_GOLD"
"173",6509,2,-4471.766,8947.531,8960.011,"Log-normal","Stomach","All","Male","CPRD_GOLD"
"174",6509,3,-4458.976,8923.951,8942.671,"Generalised Gamma","Stomach","All","Male","CPRD_GOLD"
"175",6509,3,-4433.921,8873.842,8892.562,"Spline (1 knot)","Stomach","All","Male","CPRD_GOLD"
"176",6509,5,-4419.255,8848.509,8879.709,"Spline (3 knots)","Stomach","All","Male","CPRD_GOLD"
"177",16596,2,-2255.859,4515.718,4527.675,"Gompertz","Breast","18 to 39","Both","CPRD_GOLD"
"178",16596,2,-2261.401,4526.803,4538.76,"WeibullPH","Breast","18 to 39","Both","CPRD_GOLD"
"179",16596,1,-2261.667,4525.335,4531.314,"Exponential","Breast","18 to 39","Both","CPRD_GOLD"
"180",16596,2,-2255.571,4515.143,4527.1,"Log-logistic","Breast","18 to 39","Both","CPRD_GOLD"
"181",16596,2,-2254.811,4513.621,4525.578,"Log-normal","Breast","18 to 39","Both","CPRD_GOLD"
"182",16596,3,-2252.602,4511.205,4529.141,"Generalised Gamma","Breast","18 to 39","Both","CPRD_GOLD"
"183",16596,3,-2251.709,4509.419,4527.355,"Spline (1 knot)","Breast","18 to 39","Both","CPRD_GOLD"
"184",16596,5,-2241.839,4493.677,4523.57,"Spline (3 knots)","Breast","18 to 39","Both","CPRD_GOLD"
"185",65136,2,-6894.247,13792.494,13807.036,"Gompertz","Breast","40 to 49","Both","CPRD_GOLD"
"186",65136,2,-6896.879,13797.759,13812.3,"WeibullPH","Breast","40 to 49","Both","CPRD_GOLD"
"187",65136,1,-6898.524,13799.048,13806.319,"Exponential","Breast","40 to 49","Both","CPRD_GOLD"
"188",65136,2,-6884.168,13772.335,13786.876,"Log-logistic","Breast","40 to 49","Both","CPRD_GOLD"
"189",65136,2,-6871.678,13747.356,13761.898,"Log-normal","Breast","40 to 49","Both","CPRD_GOLD"
"190",65136,3,-6869.88,13745.761,13767.573,"Generalised Gamma","Breast","40 to 49","Both","CPRD_GOLD"
"191",65136,3,-6866.475,13738.95,13760.762,"Spline (1 knot)","Breast","40 to 49","Both","CPRD_GOLD"
"192",65136,5,-6848.648,13707.296,13743.65,"Spline (3 knots)","Breast","40 to 49","Both","CPRD_GOLD"
"193",132370,2,-11770.512,23545.024,23560.828,"Gompertz","Breast","50 to 59","Both","CPRD_GOLD"
"194",132370,2,-11774.861,23553.721,23569.525,"WeibullPH","Breast","50 to 59","Both","CPRD_GOLD"
"195",132370,1,-11774.874,23551.748,23559.65,"Exponential","Breast","50 to 59","Both","CPRD_GOLD"
"196",132370,2,-11767.199,23538.399,23554.203,"Log-logistic","Breast","50 to 59","Both","CPRD_GOLD"
"197",132370,2,-11767.769,23539.537,23555.341,"Log-normal","Breast","50 to 59","Both","CPRD_GOLD"
"198",132370,3,-11759.141,23524.282,23547.988,"Generalised Gamma","Breast","50 to 59","Both","CPRD_GOLD"
"199",132370,3,-11758.884,23523.768,23547.474,"Spline (1 knot)","Breast","50 to 59","Both","CPRD_GOLD"
"200",132370,5,-11757.239,23524.478,23563.988,"Spline (3 knots)","Breast","50 to 59","Both","CPRD_GOLD"
"201",127624,2,-15487.404,30978.808,30994.668,"Gompertz","Breast","60 to 69","Both","CPRD_GOLD"
"202",127624,2,-15489.667,30983.334,30999.194,"WeibullPH","Breast","60 to 69","Both","CPRD_GOLD"
"203",127624,1,-15489.796,30981.592,30989.522,"Exponential","Breast","60 to 69","Both","CPRD_GOLD"
"204",127624,2,-15503.095,31010.19,31026.049,"Log-logistic","Breast","60 to 69","Both","CPRD_GOLD"
"205",127624,2,-15605.994,31215.988,31231.848,"Log-normal","Breast","60 to 69","Both","CPRD_GOLD"
"206",127624,3,-15483.934,30973.869,30997.658,"Generalised Gamma","Breast","60 to 69","Both","CPRD_GOLD"
"207",127624,3,-15489.07,30984.14,31007.93,"Spline (1 knot)","Breast","60 to 69","Both","CPRD_GOLD"
"208",127624,5,-15474.553,30959.106,30998.756,"Spline (3 knots)","Breast","60 to 69","Both","CPRD_GOLD"
"209",68982,2,-15811.031,31626.061,31641.088,"Gompertz","Breast","70 to 79","Both","CPRD_GOLD"
"210",68982,2,-15808.588,31621.176,31636.203,"WeibullPH","Breast","70 to 79","Both","CPRD_GOLD"
"211",68982,1,-15811.774,31625.548,31633.062,"Exponential","Breast","70 to 79","Both","CPRD_GOLD"
"212",68982,2,-15864.49,31732.98,31748.008,"Log-logistic","Breast","70 to 79","Both","CPRD_GOLD"
"213",68982,2,-16024.818,32053.637,32068.664,"Log-normal","Breast","70 to 79","Both","CPRD_GOLD"
"214",68982,3,-15793.985,31593.97,31616.511,"Generalised Gamma","Breast","70 to 79","Both","CPRD_GOLD"
"215",68982,3,-15804.65,31615.301,31637.841,"Spline (1 knot)","Breast","70 to 79","Both","CPRD_GOLD"
"216",68982,5,-15792.247,31594.494,31632.062,"Spline (3 knots)","Breast","70 to 79","Both","CPRD_GOLD"
"217",34669,2,-15664.107,31332.215,31346.782,"Gompertz","Breast","80 +","Both","CPRD_GOLD"
"218",34669,2,-15655.995,31315.99,31330.558,"WeibullPH","Breast","80 +","Both","CPRD_GOLD"
"219",34669,1,-15664.617,31331.233,31338.517,"Exponential","Breast","80 +","Both","CPRD_GOLD"
"220",34669,2,-15798.972,31601.945,31616.512,"Log-logistic","Breast","80 +","Both","CPRD_GOLD"
"221",34669,2,-16015.25,32034.499,32049.067,"Log-normal","Breast","80 +","Both","CPRD_GOLD"
"222",34669,3,-15651.403,31308.806,31330.657,"Generalised Gamma","Breast","80 +","Both","CPRD_GOLD"
"223",34669,3,-15654.182,31314.365,31336.216,"Spline (1 knot)","Breast","80 +","Both","CPRD_GOLD"
"224",34669,5,-15650.55,31311.101,31347.52,"Spline (3 knots)","Breast","80 +","Both","CPRD_GOLD"
"225",2533,2,-512.745,1029.49,1038.146,"Gompertz","Colorectal","18 to 39","Both","CPRD_GOLD"
"226",2533,2,-529.28,1062.56,1071.216,"WeibullPH","Colorectal","18 to 39","Both","CPRD_GOLD"
"227",2533,1,-551.174,1104.348,1108.676,"Exponential","Colorectal","18 to 39","Both","CPRD_GOLD"
"228",2533,2,-525.033,1054.067,1062.723,"Log-logistic","Colorectal","18 to 39","Both","CPRD_GOLD"
"229",2533,2,-520.801,1045.603,1054.259,"Log-normal","Colorectal","18 to 39","Both","CPRD_GOLD"
"230",2533,3,-519.507,1045.014,1057.997,"Generalised Gamma","Colorectal","18 to 39","Both","CPRD_GOLD"
"231",2533,3,-517.06,1040.121,1053.104,"Spline (1 knot)","Colorectal","18 to 39","Both","CPRD_GOLD"
"232",2533,5,-511.254,1032.507,1054.147,"Spline (3 knots)","Colorectal","18 to 39","Both","CPRD_GOLD"
"233",8529,2,-1963.374,3930.747,3941.735,"Gompertz","Colorectal","40 to 49","Both","CPRD_GOLD"
"234",8529,2,-2032.657,4069.314,4080.302,"WeibullPH","Colorectal","40 to 49","Both","CPRD_GOLD"
"235",8529,1,-2125.685,4253.37,4258.864,"Exponential","Colorectal","40 to 49","Both","CPRD_GOLD"
"236",8529,2,-2011.368,4026.735,4037.723,"Log-logistic","Colorectal","40 to 49","Both","CPRD_GOLD"
"237",8529,2,-1993.244,3990.487,4001.475,"Log-normal","Colorectal","40 to 49","Both","CPRD_GOLD"
"238",8529,3,-1986.23,3978.46,3994.941,"Generalised Gamma","Colorectal","40 to 49","Both","CPRD_GOLD"
"239",8529,3,-1970.139,3946.279,3962.76,"Spline (1 knot)","Colorectal","40 to 49","Both","CPRD_GOLD"
"240",8529,5,-1955.868,3921.735,3949.205,"Spline (3 knots)","Colorectal","40 to 49","Both","CPRD_GOLD"
"241",26876,2,-6579.815,13163.63,13176.914,"Gompertz","Colorectal","50 to 59","Both","CPRD_GOLD"
"242",26876,2,-6664.516,13333.032,13346.316,"WeibullPH","Colorectal","50 to 59","Both","CPRD_GOLD"
"243",26876,1,-6909.971,13821.943,13828.585,"Exponential","Colorectal","50 to 59","Both","CPRD_GOLD"
"244",26876,2,-6617.906,13239.812,13253.096,"Log-logistic","Colorectal","50 to 59","Both","CPRD_GOLD"
"245",26876,2,-6587.779,13179.559,13192.843,"Log-normal","Colorectal","50 to 59","Both","CPRD_GOLD"
"246",26876,3,-6586.297,13178.594,13198.521,"Generalised Gamma","Colorectal","50 to 59","Both","CPRD_GOLD"
"247",26876,3,-6576.969,13159.938,13179.865,"Spline (1 knot)","Colorectal","50 to 59","Both","CPRD_GOLD"
"248",26876,5,-6561.282,13132.564,13165.775,"Spline (3 knots)","Colorectal","50 to 59","Both","CPRD_GOLD"
"249",53684,2,-14832.17,29668.341,29683.067,"Gompertz","Colorectal","60 to 69","Both","CPRD_GOLD"
"250",53684,2,-14878.693,29761.387,29776.113,"WeibullPH","Colorectal","60 to 69","Both","CPRD_GOLD"
"251",53684,1,-15411.617,30825.235,30832.598,"Exponential","Colorectal","60 to 69","Both","CPRD_GOLD"
"252",53684,2,-14796.819,29597.637,29612.363,"Log-logistic","Colorectal","60 to 69","Both","CPRD_GOLD"
"253",53684,2,-14743.448,29490.896,29505.623,"Log-normal","Colorectal","60 to 69","Both","CPRD_GOLD"
"254",53684,3,-14743.097,29492.194,29514.284,"Generalised Gamma","Colorectal","60 to 69","Both","CPRD_GOLD"
"255",53684,3,-14744.513,29495.025,29517.115,"Spline (1 knot)","Colorectal","60 to 69","Both","CPRD_GOLD"
"256",53684,5,-14738.138,29486.276,29523.092,"Spline (3 knots)","Colorectal","60 to 69","Both","CPRD_GOLD"
"257",58115,2,-21556.274,43116.548,43131.703,"Gompertz","Colorectal","70 to 79","Both","CPRD_GOLD"
"258",58115,2,-21325.21,42654.42,42669.575,"WeibullPH","Colorectal","70 to 79","Both","CPRD_GOLD"
"259",58115,1,-22028.652,44059.305,44066.882,"Exponential","Colorectal","70 to 79","Both","CPRD_GOLD"
"260",58115,2,-21308.943,42621.887,42637.042,"Log-logistic","Colorectal","70 to 79","Both","CPRD_GOLD"
"261",58115,2,-21280.673,42565.346,42580.501,"Log-normal","Colorectal","70 to 79","Both","CPRD_GOLD"
"262",58115,3,-21250.226,42506.452,42529.184,"Generalised Gamma","Colorectal","70 to 79","Both","CPRD_GOLD"
"263",58115,3,-21244.509,42495.017,42517.75,"Spline (1 knot)","Colorectal","70 to 79","Both","CPRD_GOLD"
"264",58115,5,-21188.923,42387.846,42425.733,"Spline (3 knots)","Colorectal","70 to 79","Both","CPRD_GOLD"
"265",29364,2,-16967.411,33938.822,33953.528,"Gompertz","Colorectal","80 +","Both","CPRD_GOLD"
"266",29364,2,-16661.645,33327.289,33341.995,"WeibullPH","Colorectal","80 +","Both","CPRD_GOLD"
"267",29364,1,-17495.547,34993.094,35000.447,"Exponential","Colorectal","80 +","Both","CPRD_GOLD"
"268",29364,2,-16667.623,33339.245,33353.951,"Log-logistic","Colorectal","80 +","Both","CPRD_GOLD"
"269",29364,2,-16639.052,33282.104,33296.81,"Log-normal","Colorectal","80 +","Both","CPRD_GOLD"
"270",29364,3,-16579.664,33165.328,33187.386,"Generalised Gamma","Colorectal","80 +","Both","CPRD_GOLD"
"271",29364,3,-16574.301,33154.603,33176.661,"Spline (1 knot)","Colorectal","80 +","Both","CPRD_GOLD"
"272",29364,5,-16507.474,33024.949,33061.713,"Spline (3 knots)","Colorectal","80 +","Both","CPRD_GOLD"
"273",1579,2,-214.071,432.142,439.602,"Gompertz","Head_and_neck","18 to 39","Both","CPRD_GOLD"
"274",1579,2,-218.647,441.293,448.754,"WeibullPH","Head_and_neck","18 to 39","Both","CPRD_GOLD"
"275",1579,1,-226.071,454.142,457.872,"Exponential","Head_and_neck","18 to 39","Both","CPRD_GOLD"
"276",1579,2,-217.711,439.423,446.883,"Log-logistic","Head_and_neck","18 to 39","Both","CPRD_GOLD"
"277",1579,2,-215.514,435.027,442.487,"Log-normal","Head_and_neck","18 to 39","Both","CPRD_GOLD"
"278",1579,3,-213.899,433.797,444.987,"Generalised Gamma","Head_and_neck","18 to 39","Both","CPRD_GOLD"
"279",1579,3,-213.244,432.487,443.677,"Spline (1 knot)","Head_and_neck","18 to 39","Both","CPRD_GOLD"
"280",1579,5,-212.555,435.111,453.761,"Spline (3 knots)","Head_and_neck","18 to 39","Both","CPRD_GOLD"
"281",4867,2,-1063.924,2131.849,2141.611,"Gompertz","Head_and_neck","40 to 49","Both","CPRD_GOLD"
"282",4867,2,-1074.048,2152.097,2161.86,"WeibullPH","Head_and_neck","40 to 49","Both","CPRD_GOLD"
"283",4867,1,-1088.059,2178.117,2182.998,"Exponential","Head_and_neck","40 to 49","Both","CPRD_GOLD"
"284",4867,2,-1067.717,2139.434,2149.197,"Log-logistic","Head_and_neck","40 to 49","Both","CPRD_GOLD"
"285",4867,2,-1056.917,2117.834,2127.597,"Log-normal","Head_and_neck","40 to 49","Both","CPRD_GOLD"
"286",4867,3,-1048.89,2103.781,2118.425,"Generalised Gamma","Head_and_neck","40 to 49","Both","CPRD_GOLD"
"287",4867,3,-1051.521,2109.042,2123.686,"Spline (1 knot)","Head_and_neck","40 to 49","Both","CPRD_GOLD"
"288",4867,5,-1046.982,2103.964,2128.371,"Spline (3 knots)","Head_and_neck","40 to 49","Both","CPRD_GOLD"
"289",12797,2,-3165.563,6335.127,6346.916,"Gompertz","Head_and_neck","50 to 59","Both","CPRD_GOLD"
"290",12797,2,-3178.791,6361.581,6373.371,"WeibullPH","Head_and_neck","50 to 59","Both","CPRD_GOLD"
"291",12797,1,-3241.13,6484.26,6490.155,"Exponential","Head_and_neck","50 to 59","Both","CPRD_GOLD"
"292",12797,2,-3164.262,6332.523,6344.313,"Log-logistic","Head_and_neck","50 to 59","Both","CPRD_GOLD"
"293",12797,2,-3148.84,6301.68,6313.469,"Log-normal","Head_and_neck","50 to 59","Both","CPRD_GOLD"
"294",12797,3,-3148.08,6302.16,6319.844,"Generalised Gamma","Head_and_neck","50 to 59","Both","CPRD_GOLD"
"295",12797,3,-3147.373,6300.746,6318.43,"Spline (1 knot)","Head_and_neck","50 to 59","Both","CPRD_GOLD"
"296",12797,5,-3144.871,6299.741,6329.215,"Spline (3 knots)","Head_and_neck","50 to 59","Both","CPRD_GOLD"
"297",13219,2,-4390.502,8785.005,8797.148,"Gompertz","Head_and_neck","60 to 69","Both","CPRD_GOLD"
"298",13219,2,-4391.311,8786.622,8798.765,"WeibullPH","Head_and_neck","60 to 69","Both","CPRD_GOLD"
"299",13219,1,-4486.939,8975.878,8981.95,"Exponential","Head_and_neck","60 to 69","Both","CPRD_GOLD"
"300",13219,2,-4369.229,8742.459,8754.602,"Log-logistic","Head_and_neck","60 to 69","Both","CPRD_GOLD"
"301",13219,2,-4350.713,8705.426,8717.569,"Log-normal","Head_and_neck","60 to 69","Both","CPRD_GOLD"
"302",13219,3,-4350.712,8707.424,8725.639,"Generalised Gamma","Head_and_neck","60 to 69","Both","CPRD_GOLD"
"303",13219,3,-4347.922,8701.844,8720.06,"Spline (1 knot)","Head_and_neck","60 to 69","Both","CPRD_GOLD"
"304",13219,5,-4340.08,8690.16,8720.519,"Spline (3 knots)","Head_and_neck","60 to 69","Both","CPRD_GOLD"
"305",7956,2,-3461.555,6927.111,6938.565,"Gompertz","Head_and_neck","70 to 79","Both","CPRD_GOLD"
"306",7956,2,-3425.466,6854.932,6866.387,"WeibullPH","Head_and_neck","70 to 79","Both","CPRD_GOLD"
"307",7956,1,-3505.757,7013.514,7019.241,"Exponential","Head_and_neck","70 to 79","Both","CPRD_GOLD"
"308",7956,2,-3431.08,6866.161,6877.615,"Log-logistic","Head_and_neck","70 to 79","Both","CPRD_GOLD"
"309",7956,2,-3425.871,6855.742,6867.197,"Log-normal","Head_and_neck","70 to 79","Both","CPRD_GOLD"
"310",7956,3,-3416.434,6838.869,6856.05,"Generalised Gamma","Head_and_neck","70 to 79","Both","CPRD_GOLD"
"311",7956,3,-3412.834,6831.668,6848.849,"Spline (1 knot)","Head_and_neck","70 to 79","Both","CPRD_GOLD"
"312",7956,5,-3389.295,6788.59,6817.225,"Spline (3 knots)","Head_and_neck","70 to 79","Both","CPRD_GOLD"
"313",2949,2,-1817.036,3638.073,3648.285,"Gompertz","Head_and_neck","80 +","Both","CPRD_GOLD"
"314",2949,2,-1799.036,3602.071,3612.283,"WeibullPH","Head_and_neck","80 +","Both","CPRD_GOLD"
"315",2949,1,-1863.073,3728.146,3733.252,"Exponential","Head_and_neck","80 +","Both","CPRD_GOLD"
"316",2949,2,-1797.989,3599.978,3610.189,"Log-logistic","Head_and_neck","80 +","Both","CPRD_GOLD"
"317",2949,2,-1793.969,3591.939,3602.15,"Log-normal","Head_and_neck","80 +","Both","CPRD_GOLD"
"318",2949,3,-1787.842,3581.684,3597.002,"Generalised Gamma","Head_and_neck","80 +","Both","CPRD_GOLD"
"319",2949,3,-1786.756,3579.511,3594.829,"Spline (1 knot)","Head_and_neck","80 +","Both","CPRD_GOLD"
"320",2949,5,-1779.773,3569.545,3595.074,"Spline (3 knots)","Head_and_neck","80 +","Both","CPRD_GOLD"
"321",54,2,-25.047,54.094,57.146,"Gompertz","Liver","18 to 39","Both","CPRD_GOLD"
"322",54,2,-29.303,62.607,65.659,"WeibullPH","Liver","18 to 39","Both","CPRD_GOLD"
"323",54,1,-39.967,81.935,83.461,"Exponential","Liver","18 to 39","Both","CPRD_GOLD"
"324",54,2,-27.349,58.698,61.751,"Log-logistic","Liver","18 to 39","Both","CPRD_GOLD"
"325",54,2,-26.757,57.513,60.566,"Log-normal","Liver","18 to 39","Both","CPRD_GOLD"
"326",54,3,-24.927,55.855,60.434,"Generalised Gamma","Liver","18 to 39","Both","CPRD_GOLD"
"327",54,3,-25.394,56.788,61.367,"Spline (1 knot)","Liver","18 to 39","Both","CPRD_GOLD"
"328",54,5,-25.293,60.586,68.218,"Spline (3 knots)","Liver","18 to 39","Both","CPRD_GOLD"
"329",297,2,-140.209,284.417,289.872,"Gompertz","Liver","40 to 49","Both","CPRD_GOLD"
"330",297,2,-148.116,300.232,305.686,"WeibullPH","Liver","40 to 49","Both","CPRD_GOLD"
"331",297,1,-172.498,346.996,349.723,"Exponential","Liver","40 to 49","Both","CPRD_GOLD"
"332",297,2,-142.726,289.452,294.907,"Log-logistic","Liver","40 to 49","Both","CPRD_GOLD"
"333",297,2,-141.033,286.065,291.52,"Log-normal","Liver","40 to 49","Both","CPRD_GOLD"
"334",297,3,-138.116,282.231,290.413,"Generalised Gamma","Liver","40 to 49","Both","CPRD_GOLD"
"335",297,3,-139.813,285.626,293.808,"Spline (1 knot)","Liver","40 to 49","Both","CPRD_GOLD"
"336",297,5,-135.779,281.557,295.194,"Spline (3 knots)","Liver","40 to 49","Both","CPRD_GOLD"
"337",726,2,-494.244,992.489,1000.694,"Gompertz","Liver","50 to 59","Both","CPRD_GOLD"
"338",726,2,-499.543,1003.087,1011.292,"WeibullPH","Liver","50 to 59","Both","CPRD_GOLD"
"339",726,1,-576.293,1154.586,1158.689,"Exponential","Liver","50 to 59","Both","CPRD_GOLD"
"340",726,2,-483.878,971.755,979.96,"Log-logistic","Liver","50 to 59","Both","CPRD_GOLD"
"341",726,2,-481.278,966.556,974.761,"Log-normal","Liver","50 to 59","Both","CPRD_GOLD"
"342",726,3,-480.954,967.909,980.216,"Generalised Gamma","Liver","50 to 59","Both","CPRD_GOLD"
"343",726,3,-482.408,970.816,983.124,"Spline (1 knot)","Liver","50 to 59","Both","CPRD_GOLD"
"344",726,5,-479.274,968.549,989.061,"Spline (3 knots)","Liver","50 to 59","Both","CPRD_GOLD"
"345",1224,2,-912.637,1829.274,1838.703,"Gompertz","Liver","60 to 69","Both","CPRD_GOLD"
"346",1224,2,-917.849,1839.698,1849.126,"WeibullPH","Liver","60 to 69","Both","CPRD_GOLD"
"347",1224,1,-1032.501,2067.002,2071.716,"Exponential","Liver","60 to 69","Both","CPRD_GOLD"
"348",1224,2,-894.604,1793.207,1802.636,"Log-logistic","Liver","60 to 69","Both","CPRD_GOLD"
"349",1224,2,-891.249,1786.497,1795.926,"Log-normal","Liver","60 to 69","Both","CPRD_GOLD"
"350",1224,3,-891.134,1788.268,1802.41,"Generalised Gamma","Liver","60 to 69","Both","CPRD_GOLD"
"351",1224,3,-893.344,1792.689,1806.831,"Spline (1 knot)","Liver","60 to 69","Both","CPRD_GOLD"
"352",1224,5,-889.145,1788.289,1811.86,"Spline (3 knots)","Liver","60 to 69","Both","CPRD_GOLD"
"353",1185,2,-990.912,1985.825,1995.618,"Gompertz","Liver","70 to 79","Both","CPRD_GOLD"
"354",1185,2,-1005.198,2014.395,2024.188,"WeibullPH","Liver","70 to 79","Both","CPRD_GOLD"
"355",1185,1,-1115.209,2232.418,2237.315,"Exponential","Liver","70 to 79","Both","CPRD_GOLD"
"356",1185,2,-967.582,1939.164,1948.958,"Log-logistic","Liver","70 to 79","Both","CPRD_GOLD"
"357",1185,2,-962.141,1928.282,1938.075,"Log-normal","Liver","70 to 79","Both","CPRD_GOLD"
"358",1185,3,-962.057,1930.114,1944.804,"Generalised Gamma","Liver","70 to 79","Both","CPRD_GOLD"
"359",1185,3,-962.411,1930.823,1945.513,"Spline (1 knot)","Liver","70 to 79","Both","CPRD_GOLD"
"360",1185,5,-960.894,1931.788,1956.272,"Spline (3 knots)","Liver","70 to 79","Both","CPRD_GOLD"
"361",469,2,-427.362,858.724,867.537,"Gompertz","Liver","80 +","Both","CPRD_GOLD"
"362",469,2,-424.954,853.908,862.722,"WeibullPH","Liver","80 +","Both","CPRD_GOLD"
"363",469,1,-468.269,938.538,942.944,"Exponential","Liver","80 +","Both","CPRD_GOLD"
"364",469,2,-411.237,826.474,835.288,"Log-logistic","Liver","80 +","Both","CPRD_GOLD"
"365",469,2,-404.829,813.657,822.471,"Log-normal","Liver","80 +","Both","CPRD_GOLD"
"366",469,3,-404.384,814.768,827.988,"Generalised Gamma","Liver","80 +","Both","CPRD_GOLD"
"367",469,3,-404.36,814.72,827.941,"Spline (1 knot)","Liver","80 +","Both","CPRD_GOLD"
"368",469,5,-399.979,809.959,831.993,"Spline (3 knots)","Liver","80 +","Both","CPRD_GOLD"
"369",290,2,-130.154,264.308,269.798,"Gompertz","Lung","18 to 39","Both","CPRD_GOLD"
"370",290,2,-143.681,291.362,296.852,"WeibullPH","Lung","18 to 39","Both","CPRD_GOLD"
"371",290,1,-160.635,323.27,326.015,"Exponential","Lung","18 to 39","Both","CPRD_GOLD"
"372",290,2,-137.072,278.143,283.633,"Log-logistic","Lung","18 to 39","Both","CPRD_GOLD"
"373",290,2,-135.183,274.365,279.855,"Log-normal","Lung","18 to 39","Both","CPRD_GOLD"
"374",290,3,-129.823,265.646,273.881,"Generalised Gamma","Lung","18 to 39","Both","CPRD_GOLD"
"375",290,3,-128.22,262.441,270.675,"Spline (1 knot)","Lung","18 to 39","Both","CPRD_GOLD"
"376",290,5,-127.854,265.707,279.432,"Spline (3 knots)","Lung","18 to 39","Both","CPRD_GOLD"
"377",1454,2,-963.738,1931.477,1940.988,"Gompertz","Lung","40 to 49","Both","CPRD_GOLD"
"378",1454,2,-1052.609,2109.218,2118.729,"WeibullPH","Lung","40 to 49","Both","CPRD_GOLD"
"379",1454,1,-1154.459,2310.918,2315.673,"Exponential","Lung","40 to 49","Both","CPRD_GOLD"
"380",1454,2,-980.722,1965.444,1974.955,"Log-logistic","Lung","40 to 49","Both","CPRD_GOLD"
"381",1454,2,-986.074,1976.148,1985.66,"Log-normal","Lung","40 to 49","Both","CPRD_GOLD"
"382",1454,3,-982.129,1970.258,1984.525,"Generalised Gamma","Lung","40 to 49","Both","CPRD_GOLD"
"383",1454,3,-966.344,1938.689,1952.956,"Spline (1 knot)","Lung","40 to 49","Both","CPRD_GOLD"
"384",6096,2,-4277.42,8558.841,8571.314,"Gompertz","Lung","50 to 59","Both","CPRD_GOLD"
"385",6096,2,-4546.65,9097.3,9109.773,"WeibullPH","Lung","50 to 59","Both","CPRD_GOLD"
"386",6096,1,-5056.028,10114.057,10120.293,"Exponential","Lung","50 to 59","Both","CPRD_GOLD"
"387",6096,2,-4275.946,8555.892,8568.365,"Log-logistic","Lung","50 to 59","Both","CPRD_GOLD"
"388",6096,2,-4294.661,8593.321,8605.795,"Log-normal","Lung","50 to 59","Both","CPRD_GOLD"
"389",6096,3,-4289.419,8584.838,8603.548,"Generalised Gamma","Lung","50 to 59","Both","CPRD_GOLD"
"390",6096,3,-4253.01,8512.02,8530.73,"Spline (1 knot)","Lung","50 to 59","Both","CPRD_GOLD"
"391",6096,5,-4225.439,8460.879,8492.062,"Spline (3 knots)","Lung","50 to 59","Both","CPRD_GOLD"
"392",14493,2,-11037.733,22079.466,22093.832,"Gompertz","Lung","60 to 69","Both","CPRD_GOLD"
"393",14493,2,-11464.009,22932.018,22946.384,"WeibullPH","Lung","60 to 69","Both","CPRD_GOLD"
"394",14493,1,-12575.721,25153.441,25160.624,"Exponential","Lung","60 to 69","Both","CPRD_GOLD"
"395",14493,2,-10920.244,21844.487,21858.853,"Log-logistic","Lung","60 to 69","Both","CPRD_GOLD"
"396",14493,2,-10917.945,21839.889,21854.255,"Log-normal","Lung","60 to 69","Both","CPRD_GOLD"
"397",14493,3,-10914.488,21834.976,21856.525,"Generalised Gamma","Lung","60 to 69","Both","CPRD_GOLD"
"398",14493,3,-10892.516,21791.032,21812.581,"Spline (1 knot)","Lung","60 to 69","Both","CPRD_GOLD"
"399",14493,5,-10848.099,21706.197,21742.112,"Spline (3 knots)","Lung","60 to 69","Both","CPRD_GOLD"
"400",15750,2,-12979.471,25962.941,25977.865,"Gompertz","Lung","70 to 79","Both","CPRD_GOLD"
"401",15750,2,-13287.7,26579.4,26594.324,"WeibullPH","Lung","70 to 79","Both","CPRD_GOLD"
"402",15750,1,-14744.506,29491.012,29498.474,"Exponential","Lung","70 to 79","Both","CPRD_GOLD"
"403",15750,2,-12700.777,25405.555,25420.479,"Log-logistic","Lung","70 to 79","Both","CPRD_GOLD"
"404",15750,2,-12691.589,25387.177,25402.101,"Log-normal","Lung","70 to 79","Both","CPRD_GOLD"
"405",15750,3,-12690.093,25386.187,25408.573,"Generalised Gamma","Lung","70 to 79","Both","CPRD_GOLD"
"406",15750,3,-12675.988,25357.976,25380.362,"Spline (1 knot)","Lung","70 to 79","Both","CPRD_GOLD"
"407",15750,5,-12663.167,25336.335,25373.644,"Spline (3 knots)","Lung","70 to 79","Both","CPRD_GOLD"
"408",6532,2,-5748.824,11501.647,11515.613,"Gompertz","Lung","80 +","Both","CPRD_GOLD"
"409",6532,2,-5830.078,11664.157,11678.122,"WeibullPH","Lung","80 +","Both","CPRD_GOLD"
"410",6532,1,-6531.811,13065.621,13072.604,"Exponential","Lung","80 +","Both","CPRD_GOLD"
"411",6532,2,-5566.376,11136.752,11150.718,"Log-logistic","Lung","80 +","Both","CPRD_GOLD"
"412",6532,2,-5541.524,11087.048,11101.014,"Log-normal","Lung","80 +","Both","CPRD_GOLD"
"413",6532,3,-5531.052,11068.104,11089.052,"Generalised Gamma","Lung","80 +","Both","CPRD_GOLD"
"414",6532,3,-5532.464,11070.928,11091.876,"Spline (1 knot)","Lung","80 +","Both","CPRD_GOLD"
"415",6532,5,-5527.002,11064.004,11098.918,"Spline (3 knots)","Lung","80 +","Both","CPRD_GOLD"
"416",88,2,-32.891,69.782,73.004,"Gompertz","Pancreatic","18 to 39","Both","CPRD_GOLD"
"417",88,2,-36.914,77.828,81.05,"WeibullPH","Pancreatic","18 to 39","Both","CPRD_GOLD"
"418",88,1,-51.157,104.314,105.925,"Exponential","Pancreatic","18 to 39","Both","CPRD_GOLD"
"419",88,2,-35.141,74.282,77.504,"Log-logistic","Pancreatic","18 to 39","Both","CPRD_GOLD"
"420",88,2,-34.327,72.655,75.877,"Log-normal","Pancreatic","18 to 39","Both","CPRD_GOLD"
"421",88,3,-31.833,69.665,74.498,"Generalised Gamma","Pancreatic","18 to 39","Both","CPRD_GOLD"
"422",88,3,-31.949,69.898,74.73,"Spline (1 knot)","Pancreatic","18 to 39","Both","CPRD_GOLD"
"423",88,5,-31.794,73.589,81.643,"Spline (3 knots)","Pancreatic","18 to 39","Both","CPRD_GOLD"
"424",436,2,-310.916,625.832,633.036,"Gompertz","Pancreatic","40 to 49","Both","CPRD_GOLD"
"425",436,2,-333.526,671.052,678.257,"WeibullPH","Pancreatic","40 to 49","Both","CPRD_GOLD"
"426",436,1,-361.379,724.757,728.359,"Exponential","Pancreatic","40 to 49","Both","CPRD_GOLD"
"427",436,2,-311.205,626.41,633.614,"Log-logistic","Pancreatic","40 to 49","Both","CPRD_GOLD"
"428",436,2,-314.524,633.049,640.253,"Log-normal","Pancreatic","40 to 49","Both","CPRD_GOLD"
"429",436,3,-314.433,634.865,645.672,"Generalised Gamma","Pancreatic","40 to 49","Both","CPRD_GOLD"
"430",436,3,-307.999,621.999,632.805,"Spline (1 knot)","Pancreatic","40 to 49","Both","CPRD_GOLD"
"431",436,5,-305.319,620.639,638.649,"Spline (3 knots)","Pancreatic","40 to 49","Both","CPRD_GOLD"
"432",1144,2,-906.821,1817.643,1827.352,"Gompertz","Pancreatic","50 to 59","Both","CPRD_GOLD"
"433",1144,2,-966.828,1937.656,1947.365,"WeibullPH","Pancreatic","50 to 59","Both","CPRD_GOLD"
"434",1144,1,-1080.887,2163.773,2168.627,"Exponential","Pancreatic","50 to 59","Both","CPRD_GOLD"
"435",1144,2,-893.766,1791.532,1801.24,"Log-logistic","Pancreatic","50 to 59","Both","CPRD_GOLD"
"436",1144,2,-893.733,1791.467,1801.175,"Log-normal","Pancreatic","50 to 59","Both","CPRD_GOLD"
"437",1144,3,-891.37,1788.74,1803.303,"Generalised Gamma","Pancreatic","50 to 59","Both","CPRD_GOLD"
"438",1144,3,-889.283,1784.567,1799.13,"Spline (1 knot)","Pancreatic","50 to 59","Both","CPRD_GOLD"
"439",1144,5,-883.686,1777.371,1801.643,"Spline (3 knots)","Pancreatic","50 to 59","Both","CPRD_GOLD"
"440",2028,2,-1630.405,3264.81,3276.093,"Gompertz","Pancreatic","60 to 69","Both","CPRD_GOLD"
"441",2028,2,-1799.661,3603.322,3614.605,"WeibullPH","Pancreatic","60 to 69","Both","CPRD_GOLD"
"442",2028,1,-2012.17,4026.341,4031.982,"Exponential","Pancreatic","60 to 69","Both","CPRD_GOLD"
"443",2028,2,-1621.121,3246.242,3257.525,"Log-logistic","Pancreatic","60 to 69","Both","CPRD_GOLD"
"444",2028,2,-1634.892,3273.783,3285.067,"Log-normal","Pancreatic","60 to 69","Both","CPRD_GOLD"
"445",2028,3,-1633.777,3273.553,3290.478,"Generalised Gamma","Pancreatic","60 to 69","Both","CPRD_GOLD"
"446",2028,3,-1621.337,3248.674,3265.599,"Spline (1 knot)","Pancreatic","60 to 69","Both","CPRD_GOLD"
"447",2028,5,-1606.573,3223.146,3251.354,"Spline (3 knots)","Pancreatic","60 to 69","Both","CPRD_GOLD"
"448",2079,2,-1621.575,3247.15,3258.869,"Gompertz","Pancreatic","70 to 79","Both","CPRD_GOLD"
"449",2079,2,-1779.66,3563.319,3575.038,"WeibullPH","Pancreatic","70 to 79","Both","CPRD_GOLD"
"450",2079,1,-2072.217,4146.434,4152.293,"Exponential","Pancreatic","70 to 79","Both","CPRD_GOLD"
"451",2079,2,-1572.015,3148.03,3159.749,"Log-logistic","Pancreatic","70 to 79","Both","CPRD_GOLD"
"452",2079,2,-1573.1,3150.2,3161.919,"Log-normal","Pancreatic","70 to 79","Both","CPRD_GOLD"
"453",2079,3,-1571.055,3148.109,3165.687,"Generalised Gamma","Pancreatic","70 to 79","Both","CPRD_GOLD"
"454",2079,3,-1564.524,3135.047,3152.626,"Spline (1 knot)","Pancreatic","70 to 79","Both","CPRD_GOLD"
"455",2079,5,-1561.422,3132.845,3162.142,"Spline (3 knots)","Pancreatic","70 to 79","Both","CPRD_GOLD"
"456",1129,2,-513.952,1031.904,1043.231,"Gompertz","Pancreatic","80 +","Both","CPRD_GOLD"
"457",1129,2,-643.86,1291.721,1303.048,"WeibullPH","Pancreatic","80 +","Both","CPRD_GOLD"
"458",1129,1,-924.913,1851.826,1857.489,"Exponential","Pancreatic","80 +","Both","CPRD_GOLD"
"459",1129,2,-458.758,921.517,932.844,"Log-logistic","Pancreatic","80 +","Both","CPRD_GOLD"
"460",1129,2,-465.874,935.748,947.075,"Log-normal","Pancreatic","80 +","Both","CPRD_GOLD"
"461",1129,3,-463.972,933.944,950.936,"Generalised Gamma","Pancreatic","80 +","Both","CPRD_GOLD"
"462",1129,3,-452.919,911.839,928.83,"Spline (1 knot)","Pancreatic","80 +","Both","CPRD_GOLD"
"463",1129,5,-452.84,915.681,944,"Spline (3 knots)","Pancreatic","80 +","Both","CPRD_GOLD"
"464",185,2,-104.534,213.067,217.806,"Gompertz","Stomach","18 to 39","Both","CPRD_GOLD"
"465",185,2,-107.931,219.861,224.6,"WeibullPH","Stomach","18 to 39","Both","CPRD_GOLD"
"466",185,1,-116.687,235.374,237.744,"Exponential","Stomach","18 to 39","Both","CPRD_GOLD"
"467",185,2,-103.939,211.879,216.618,"Log-logistic","Stomach","18 to 39","Both","CPRD_GOLD"
"468",185,2,-103.25,210.499,215.238,"Log-normal","Stomach","18 to 39","Both","CPRD_GOLD"
"469",185,3,-102.541,211.082,218.19,"Generalised Gamma","Stomach","18 to 39","Both","CPRD_GOLD"
"470",185,3,-101.95,209.9,217.009,"Spline (1 knot)","Stomach","18 to 39","Both","CPRD_GOLD"
"471",185,5,-101.441,212.882,224.73,"Spline (3 knots)","Stomach","18 to 39","Both","CPRD_GOLD"
"472",411,2,-217.284,438.569,445.195,"Gompertz","Stomach","40 to 49","Both","CPRD_GOLD"
"473",411,2,-249.712,503.424,510.05,"WeibullPH","Stomach","40 to 49","Both","CPRD_GOLD"
"474",411,1,-289.644,581.289,584.602,"Exponential","Stomach","40 to 49","Both","CPRD_GOLD"
"475",411,2,-231.323,466.646,473.272,"Log-logistic","Stomach","40 to 49","Both","CPRD_GOLD"
"476",411,2,-230.32,464.639,471.266,"Log-normal","Stomach","40 to 49","Both","CPRD_GOLD"
"477",411,3,-222.933,451.866,461.805,"Generalised Gamma","Stomach","40 to 49","Both","CPRD_GOLD"
"478",411,3,-221.923,449.846,459.786,"Spline (1 knot)","Stomach","40 to 49","Both","CPRD_GOLD"
"479",411,5,-215.852,441.704,458.27,"Spline (3 knots)","Stomach","40 to 49","Both","CPRD_GOLD"
"480",1166,2,-638.132,1280.263,1288.697,"Gompertz","Stomach","50 to 59","Both","CPRD_GOLD"
"481",1166,2,-674.091,1352.183,1360.616,"WeibullPH","Stomach","50 to 59","Both","CPRD_GOLD"
"482",1166,1,-773.665,1549.33,1553.547,"Exponential","Stomach","50 to 59","Both","CPRD_GOLD"
"483",1166,2,-641.447,1286.895,1295.328,"Log-logistic","Stomach","50 to 59","Both","CPRD_GOLD"
"484",1166,2,-642.459,1288.918,1297.351,"Log-normal","Stomach","50 to 59","Both","CPRD_GOLD"
"485",1166,3,-640.767,1287.533,1300.183,"Generalised Gamma","Stomach","50 to 59","Both","CPRD_GOLD"
"486",1166,3,-633.461,1272.921,1285.571,"Spline (1 knot)","Stomach","50 to 59","Both","CPRD_GOLD"
"487",1166,5,-626.738,1263.476,1284.559,"Spline (3 knots)","Stomach","50 to 59","Both","CPRD_GOLD"
"488",2478,2,-1488.431,2980.861,2990.887,"Gompertz","Stomach","60 to 69","Both","CPRD_GOLD"
"489",2478,2,-1544.462,3092.923,3102.949,"WeibullPH","Stomach","60 to 69","Both","CPRD_GOLD"
"490",2478,1,-1755.217,3512.433,3517.446,"Exponential","Stomach","60 to 69","Both","CPRD_GOLD"
"491",2478,2,-1473.275,2950.55,2960.576,"Log-logistic","Stomach","60 to 69","Both","CPRD_GOLD"
"492",2478,2,-1471.676,2947.353,2957.379,"Log-normal","Stomach","60 to 69","Both","CPRD_GOLD"
"493",2478,3,-1467.617,2941.234,2956.273,"Generalised Gamma","Stomach","60 to 69","Both","CPRD_GOLD"
"494",2478,3,-1458.625,2923.25,2938.289,"Spline (1 knot)","Stomach","60 to 69","Both","CPRD_GOLD"
"495",2478,5,-1453.948,2917.896,2942.961,"Spline (3 knots)","Stomach","60 to 69","Both","CPRD_GOLD"
"496",3925,2,-2674.497,5352.993,5364.344,"Gompertz","Stomach","70 to 79","Both","CPRD_GOLD"
"497",3925,2,-2783.229,5570.458,5581.808,"WeibullPH","Stomach","70 to 79","Both","CPRD_GOLD"
"498",3925,1,-3130.889,6263.779,6269.454,"Exponential","Stomach","70 to 79","Both","CPRD_GOLD"
"499",3925,2,-2637.761,5279.523,5290.873,"Log-logistic","Stomach","70 to 79","Both","CPRD_GOLD"
"500",3925,2,-2630.176,5264.352,5275.702,"Log-normal","Stomach","70 to 79","Both","CPRD_GOLD"
"501",3925,3,-2619.618,5245.236,5262.261,"Generalised Gamma","Stomach","70 to 79","Both","CPRD_GOLD"
"502",3925,3,-2612.4,5230.8,5247.825,"Spline (1 knot)","Stomach","70 to 79","Both","CPRD_GOLD"
"503",3925,5,-2606.628,5223.257,5251.632,"Spline (3 knots)","Stomach","70 to 79","Both","CPRD_GOLD"
"504",2169,2,-1838.847,3681.693,3692.859,"Gompertz","Stomach","80 +","Both","CPRD_GOLD"
"505",2169,2,-1895.258,3794.516,3805.682,"WeibullPH","Stomach","80 +","Both","CPRD_GOLD"
"506",2169,1,-2094.783,4191.567,4197.149,"Exponential","Stomach","80 +","Both","CPRD_GOLD"
"507",2169,2,-1796.727,3597.455,3608.62,"Log-logistic","Stomach","80 +","Both","CPRD_GOLD"
"508",2169,2,-1794.347,3592.694,3603.859,"Log-normal","Stomach","80 +","Both","CPRD_GOLD"
"509",2169,3,-1794.254,3594.508,3611.256,"Generalised Gamma","Stomach","80 +","Both","CPRD_GOLD"
"510",2169,3,-1791.119,3588.238,3604.987,"Spline (1 knot)","Stomach","80 +","Both","CPRD_GOLD"
"511",2169,5,-1789.771,3589.543,3617.456,"Spline (3 knots)","Stomach","80 +","Both","CPRD_GOLD"
"512",277109,2,-66346.467,132696.934,132714.853,"Gompertz","Prostate","All","Both","CPRD_GOLD"
"513",277109,2,-66342.541,132689.083,132707.002,"WeibullPH","Prostate","All","Both","CPRD_GOLD"
"514",277109,1,-66348.71,132699.42,132708.38,"Exponential","Prostate","All","Both","CPRD_GOLD"
"515",277109,2,-66450.32,132904.639,132922.559,"Log-logistic","Prostate","All","Both","CPRD_GOLD"
"516",277109,2,-66982.837,133969.674,133987.593,"Log-normal","Prostate","All","Both","CPRD_GOLD"
"517",277109,3,-66342.462,132690.924,132717.803,"Generalised Gamma","Prostate","All","Both","CPRD_GOLD"
"518",277109,3,-66340.641,132687.281,132714.161,"Spline (1 knot)","Prostate","All","Both","CPRD_GOLD"
"519",277109,5,-66318.718,132647.436,132692.236,"Spline (3 knots)","Prostate","All","Both","CPRD_GOLD"
"520",105,2,-5.142,14.284,15.562,"Gompertz","Prostate","18 to 39","Both","CPRD_GOLD"
"521",105,2,-4.911,13.822,15.1,"WeibullPH","Prostate","18 to 39","Both","CPRD_GOLD"
"522",105,1,-5.653,13.306,13.945,"Exponential","Prostate","18 to 39","Both","CPRD_GOLD"
"523",105,2,-4.865,13.731,15.009,"Log-logistic","Prostate","18 to 39","Both","CPRD_GOLD"
"524",105,2,-4.738,13.477,14.755,"Log-normal","Prostate","18 to 39","Both","CPRD_GOLD"
"525",105,3,-3.69,13.379,15.297,"Generalised Gamma","Prostate","18 to 39","Both","CPRD_GOLD"
"526",2259,2,-196.647,397.295,405.346,"Gompertz","Prostate","40 to 49","Both","CPRD_GOLD"
"527",2259,2,-197.01,398.021,406.072,"WeibullPH","Prostate","40 to 49","Both","CPRD_GOLD"
"528",2259,1,-197.311,396.622,400.648,"Exponential","Prostate","40 to 49","Both","CPRD_GOLD"
"529",2259,2,-196.856,397.712,405.764,"Log-logistic","Prostate","40 to 49","Both","CPRD_GOLD"
"530",2259,2,-196.27,396.541,404.593,"Log-normal","Prostate","40 to 49","Both","CPRD_GOLD"
"531",2259,3,-196.262,398.524,410.602,"Generalised Gamma","Prostate","40 to 49","Both","CPRD_GOLD"
"532",2259,3,-196.143,398.286,410.363,"Spline (1 knot)","Prostate","40 to 49","Both","CPRD_GOLD"
"533",2259,5,-195.945,401.89,422.02,"Spline (3 knots)","Prostate","40 to 49","Both","CPRD_GOLD"
"534",30824,2,-2946.697,5897.395,5910.579,"Gompertz","Prostate","50 to 59","Both","CPRD_GOLD"
"535",30824,2,-2947.656,5899.312,5912.496,"WeibullPH","Prostate","50 to 59","Both","CPRD_GOLD"
"536",30824,1,-2947.698,5897.396,5903.988,"Exponential","Prostate","50 to 59","Both","CPRD_GOLD"
"537",30824,2,-2946.027,5896.053,5909.237,"Log-logistic","Prostate","50 to 59","Both","CPRD_GOLD"
"538",30824,2,-2941.701,5887.401,5900.586,"Log-normal","Prostate","50 to 59","Both","CPRD_GOLD"
"539",30824,3,-2941.385,5888.77,5908.546,"Generalised Gamma","Prostate","50 to 59","Both","CPRD_GOLD"
"540",30824,3,-2940.714,5887.428,5907.205,"Spline (1 knot)","Prostate","50 to 59","Both","CPRD_GOLD"
"541",30824,5,-2937.582,5885.164,5918.125,"Spline (3 knots)","Prostate","50 to 59","Both","CPRD_GOLD"
"542",101207,2,-14641.041,29286.082,29301.704,"Gompertz","Prostate","60 to 69","Both","CPRD_GOLD"
"543",101207,2,-14640.982,29285.965,29301.587,"WeibullPH","Prostate","60 to 69","Both","CPRD_GOLD"
"544",101207,1,-14658.268,29318.535,29326.346,"Exponential","Prostate","60 to 69","Both","CPRD_GOLD"
"545",101207,2,-14654.053,29312.107,29327.728,"Log-logistic","Prostate","60 to 69","Both","CPRD_GOLD"
"546",101207,2,-14735.679,29475.358,29490.98,"Log-normal","Prostate","60 to 69","Both","CPRD_GOLD"
"547",101207,3,-14640.614,29287.228,29310.661,"Generalised Gamma","Prostate","60 to 69","Both","CPRD_GOLD"
"548",101207,3,-14640.501,29287.002,29310.434,"Spline (1 knot)","Prostate","60 to 69","Both","CPRD_GOLD"
"549",101207,5,-14621.241,29252.481,29291.536,"Spline (3 knots)","Prostate","60 to 69","Both","CPRD_GOLD"
"550",105523,2,-26732.844,53469.688,53485.677,"Gompertz","Prostate","70 to 79","Both","CPRD_GOLD"
"551",105523,2,-26761.519,53527.038,53543.026,"WeibullPH","Prostate","70 to 79","Both","CPRD_GOLD"
"552",105523,1,-26825.4,53652.8,53660.794,"Exponential","Prostate","70 to 79","Both","CPRD_GOLD"
"553",105523,2,-26895.332,53794.663,53810.652,"Log-logistic","Prostate","70 to 79","Both","CPRD_GOLD"
"554",105523,2,-27188.82,54381.64,54397.629,"Log-normal","Prostate","70 to 79","Both","CPRD_GOLD"
"555",105523,3,-26735.479,53476.958,53500.941,"Generalised Gamma","Prostate","70 to 79","Both","CPRD_GOLD"
"556",105523,3,-26756.732,53519.464,53543.446,"Spline (1 knot)","Prostate","70 to 79","Both","CPRD_GOLD"
"557",105523,5,-26715.993,53441.985,53481.956,"Spline (3 knots)","Prostate","70 to 79","Both","CPRD_GOLD"
"558",37191,2,-17690.764,35385.528,35400.241,"Gompertz","Prostate","80 +","Both","CPRD_GOLD"
"559",37191,2,-17699.475,35402.951,35417.663,"WeibullPH","Prostate","80 +","Both","CPRD_GOLD"
"560",37191,1,-17699.502,35401.003,35408.36,"Exponential","Prostate","80 +","Both","CPRD_GOLD"
"561",37191,2,-17939.247,35882.493,35897.206,"Log-logistic","Prostate","80 +","Both","CPRD_GOLD"
"562",37191,2,-18223.871,36451.742,36466.455,"Log-normal","Prostate","80 +","Both","CPRD_GOLD"
"563",37191,3,-17676.737,35359.474,35381.543,"Generalised Gamma","Prostate","80 +","Both","CPRD_GOLD"
"564",37191,3,-17687.696,35381.392,35403.461,"Spline (1 knot)","Prostate","80 +","Both","CPRD_GOLD"
"565",37191,5,-17675.093,35360.186,35396.968,"Spline (3 knots)","Prostate","80 +","Both","CPRD_GOLD"
